Offset,este date,este close,este volume,este spy close,vmc date,vmc close,vmc volume,vmc spy close,mtw date,mtw close,mtw volume,mtw spy close,drq date,drq close,drq volume,drq spy close,nem date,nem close,nem volume,nem spy close,ceco date,ceco close,ceco volume,ceco spy close,nsit date,nsit close,nsit volume,nsit spy close,mtn date,mtn close,mtn volume,mtn spy close,mye date,mye close,mye volume,mye spy close,apa date,apa close,apa volume,apa spy close,dg date,dg close,dg volume,dg spy close,nuan date,nuan close,nuan volume,nuan spy close,chs date,chs close,chs volume,chs spy close,jnj date,jnj close,jnj volume,jnj spy close,crus date,crus close,crus volume,crus spy close,plxs date,plxs close,plxs volume,plxs spy close,emn date,emn close,emn volume,emn spy close,ghl date,ghl close,ghl volume,ghl spy close,gpn date,gpn close,gpn volume,gpn spy close,wu date,wu close,wu volume,wu spy close,frc date,frc close,frc volume,frc spy close,gnw date,gnw close,gnw volume,gnw spy close,foe date,foe close,foe volume,foe spy close,f date,f close,f volume,f spy close,becn date,becn close,becn volume,becn spy close,trc date,trc close,trc volume,trc spy close,px date,px close,px volume,px spy close,aroc date,aroc close,aroc volume,aroc spy close,sre date,sre close,sre volume,sre spy close,tmus date,tmus close,tmus volume,tmus spy close,cys date,cys close,cys volume,cys spy close,qep date,qep close,qep volume,qep spy close,holx date,holx close,holx volume,holx spy close,krg date,krg close,krg volume,krg spy close,ocsl date,ocsl close,ocsl volume,ocsl spy close,vrts date,vrts close,vrts volume,vrts spy close,unt date,unt close,unt volume,unt spy close,two date,two close,two volume,two spy close,ntg date,ntg close,ntg volume,ntg spy close,mro date,mro close,mro volume,mro spy close,dvn date,dvn close,dvn volume,dvn spy close,aee date,aee close,aee volume,aee spy close,fico date,fico close,fico volume,fico spy close,scsc date,scsc close,scsc volume,scsc spy close,podd date,podd close,podd volume,podd spy close,adtn date,adtn close,adtn volume,adtn spy close,wgl date,wgl close,wgl volume,wgl spy close,syna date,syna close,syna volume,syna spy close,amcx date,amcx close,amcx volume,amcx spy close,acm date,acm close,acm volume,acm spy close,kra date,kra close,kra volume,kra spy close,cps date,cps close,cps volume,cps spy close,jcom date,jcom close,jcom volume,jcom spy close,arry date,arry close,arry volume,arry spy close,smtc date,smtc close,smtc volume,smtc spy close,col date,col close,col volume,col spy close,semg date,semg close,semg volume,semg spy close,odp date,odp close,odp volume,odp spy close,mcd date,mcd close,mcd volume,mcd spy close,p date,p close,p volume,p spy close,ecyt date,ecyt close,ecyt volume,ecyt spy close,kbr date,kbr close,kbr volume,kbr spy close,amc date,amc close,amc volume,amc spy close,fsic date,fsic close,fsic volume,fsic spy close,scwx date,scwx close,scwx volume,scwx spy close,fcb date,fcb close,fcb volume,fcb spy close,tmhc date,tmhc close,tmhc volume,tmhc spy close,hawk date,hawk close,hawk volume,hawk spy close,out date,out close,out volume,out spy close,qts date,qts close,qts volume,qts spy close,ladr date,ladr close,ladr volume,ladr spy close,qtwo date,qtwo close,qtwo volume,qtwo spy close,mobl date,mobl close,mobl volume,mobl spy close,navi date,navi close,navi volume,navi spy close,vsto date,vsto close,vsto volume,vsto spy close,eri date,eri close,eri volume,eri spy close,mcrn date,mcrn close,mcrn volume,mcrn spy close,cveo date,cveo close,cveo volume,cveo spy close,nblx date,nblx close,nblx volume,nblx spy close,htz date,htz close,htz volume,htz spy close,ttd date,ttd close,ttd volume,ttd spy close,arnc date,arnc close,arnc volume,arnc spy close,arch date,arch close,arch volume,arch spy close
-6,2016-05-31,13.3,69368,203.58,2013-06-25,47.584,814768.0,145.61,2013-03-05,4.0272,16329261.0,140.28,2015-11-03,64.29,476200.0,202.46,2015-02-24,25.462,5927282,200.32,2015-03-10,5.56,300300.0,193.86,2017-02-21,43.96,317656.0,233.18,2017-10-03,220.54,306557,252.86,2013-09-03,16.42,132390,150.92,2016-09-13,56.139,7726992,207.96,2012-03-27,44.173,6385875.0,126.12,2016-11-22,16.79,3840361.0,216.21,2013-03-05,15.562,2649598.0,140.28,2017-02-14,114.11,5648365.0,230.42,2011-02-08,24.37,3419454.0,115.49,2010-11-09,30.96,137110.0,105.94,2013-02-26,61.859,2166787.0,136.39,2017-09-26,16.85,3893390,249.08,2016-04-26,73.132,2330756,202.71,2017-02-21,19.289,4912023.0,233.18,2012-02-28,28.758,1553315,122.37,2017-02-21,3.95,4472245.0,233.18,2016-02-23,9.38,678157.0,185.62,2011-03-08,11.403,135198456,115.5,2011-08-09,16.75,1617067.0,103.29,2011-05-17,35.37,92827.0,116.51,2012-03-06,94.755,2075865.0,119.83,2016-03-08,5.2598,1058752.0,191.5,2016-01-05,89.661,1272327.0,194.37,2016-01-05,40.22,5212886.0,194.37,2013-02-26,6.2378,9341719.0,136.39,2016-02-23,10.01,5483180.0,185.62,2016-12-06,38.89,1546303.0,217.31,2015-12-01,24.582,360976.0,202.15,2015-02-17,5.4528,2397092.0,198.72,2011-02-22,52.576,34600.0,114.85,2013-02-19,47.98,279326.0,139.36,2013-06-11,10.78,7901121.0,148.96,2011-02-01,14.619,363806.0,113.89,2016-02-23,6.88,28661905.0,185.62,2013-06-18,51.94,2617483.0,151.39,2016-02-16,42.999,2300714.0,183.18,2014-12-30,73.112,60946.0,196.35,2015-12-01,38.31,116198.0,202.15,2016-03-29,32.17,326424,199.01,2016-11-15,19.668,327175.0,213.95,2017-10-03,83.992,387742,252.86,2015-10-27,84.5,623000.0,198.24,2015-06-16,79.74,598500.0,199.72,2010-07-13,24.34,594659,95.53,2013-03-05,24.47,150411.0,140.28,2017-06-06,108.94,69554.0,240.84,2011-09-13,27.451,552875,103.53,2015-04-07,7.37,1702042,196.9,2012-02-28,29.35,398692,122.37,2011-11-15,49.847,938584.0,111.44,2016-09-27,29.912,572668,211.3,2013-02-26,3.8688,9763781.0,136.39,2010-11-16,62.68,8331169.0,102.94,2016-04-19,8.8,5508077,203.64,2011-12-20,3.16,2004714.0,110.23,2016-03-01,13.414,1422417.0,191.28,2014-01-14,18.009,241085.0,170.37,2016-01-12,6.9878,1443354.0,186.93,2016-10-18,12.05,19362,209.47,2016-08-30,38.1,145256.0,212.61,2016-02-09,11.6,825712.0,178.99,2013-12-31,25.26,113415.0,171.33,2017-02-21,26.086,490303.0,233.18,2015-03-10,31.98,341797.0,193.86,2015-02-24,13.114,37725,200.32,2016-03-29,22.75,132133,199.01,2015-03-17,8.87,363300.0,196.68,2016-02-09,7.8443,9565499.0,178.99,2015-08-11,47.13,280070.0,199.18,2017-05-02,19.3,809436.0,236.44,2016-09-20,14.69,31079,209.19,2015-07-21,2.39,807100,202.12,2017-03-21,47.023,33017.0,231.46,2016-11-15,27.29,2451195.0,213.95,2017-07-18,49.89,546557,244.45,2016-11-29,19.481,5937936.0,216.54,2017-04-04,72.164,756572.0,233.19
-5,2016-06-01,13.3,33744,204.0,2013-06-26,48.032,575242.0,147.02,2013-03-06,3.9771,9962499.0,140.47,2015-11-04,64.69,441582.0,201.84,2015-02-25,25.701,8031070,200.15,2015-03-11,5.67,351100.0,193.38,2017-02-22,44.2,185755.0,232.97,2017-10-04,219.43,315916,253.16,2013-09-04,16.816,205282,152.18,2016-09-14,55.397,5168452,207.88,2012-03-28,44.413,17608519.0,125.48,2016-11-23,16.86,3323923.0,216.33,2013-03-06,15.723,3852741.0,140.47,2017-02-15,114.93,6096353.0,231.62,2011-02-09,24.08,2593355.0,115.25,2010-11-10,30.64,317655.0,106.35,2013-02-27,63.861,2267006.0,138.11,2017-09-27,16.75,2247625,250.05,2016-04-27,74.692,2843241,203.12,2017-02-22,19.464,6254494.0,232.97,2012-02-29,28.398,10691712,121.86,2017-02-22,3.96,5408629.0,232.97,2016-02-24,9.68,512804.0,186.5,2011-03-09,11.261,86090282,115.33,2011-08-10,15.15,1313599.0,98.728,2011-05-18,36.11,85315.0,117.55,2012-03-07,95.374,1299099.0,120.7,2016-03-09,5.4819,479499.0,192.45,2016-01-06,87.484,2069214.0,191.91,2016-01-06,40.05,6727188.0,191.91,2013-02-27,6.2378,5911972.0,138.11,2016-02-24,10.33,4471982.0,186.5,2016-12-07,39.0,3081959.0,220.14,2015-12-02,23.924,382969.0,200.09,2015-02-18,5.4602,1557293.0,198.74,2011-02-23,51.879,33562.0,114.14,2013-02-20,45.75,522279.0,137.62,2013-06-12,10.619,10165527.0,147.73,2011-02-02,14.615,277258.0,113.67,2016-02-24,7.066,19203685.0,186.5,2013-06-19,50.844,3141864.0,149.28,2016-02-17,42.743,1738481.0,186.18,2014-12-31,72.174,127385.0,194.4,2015-12-02,38.12,94324.0,200.09,2016-03-30,32.2,376554,199.88,2016-11-16,19.668,267191.0,213.54,2017-10-04,84.24,357473,253.16,2015-10-28,87.68,589000.0,200.49,2015-06-17,80.31,428400.0,200.05,2010-07-14,24.17,409221,95.52,2013-03-06,25.31,132557.0,140.47,2017-06-07,108.0,91943.0,241.29,2011-09-14,27.677,443860,104.97,2015-04-08,7.59,1252700,197.56,2012-02-29,28.71,441930,121.86,2011-11-16,49.152,1156703.0,109.65,2016-09-28,31.598,924073,212.35,2013-02-27,3.9076,8538759.0,138.11,2010-11-17,63.45,6512355.0,103.0,2016-04-20,8.97,5225038,203.83,2011-12-21,3.13,1685309.0,110.43,2016-03-02,13.529,1384791.0,192.09,2014-01-15,17.894,348309.0,171.3,2016-01-13,6.9878,1694172.0,182.27,2016-10-19,12.05,17707,210.03,2016-08-31,38.3,134846.0,212.0,2016-02-10,12.11,785595.0,178.83,,,,,2017-02-22,25.666,1175748.0,232.97,2015-03-11,32.402,251371.0,193.38,2015-02-25,13.194,39714,200.15,2016-03-30,23.37,292947,199.88,2015-03-18,8.89,269300.0,199.03,2016-02-10,7.8904,5431283.0,178.83,2015-08-12,47.31,262600.0,199.42,2017-05-03,19.55,996982.0,236.15,2016-09-21,15.11,47799,211.54,2015-07-22,2.17,2340000,201.76,2017-03-22,47.237,33888.0,231.99,2016-11-16,26.44,2141412.0,213.54,2017-07-19,54.68,2334884,245.78,2016-11-30,19.095,6470847.0,216.01,2017-04-05,71.51,646274.0,232.49
-4,2016-06-02,13.33,73119,204.64,2013-06-27,49.181,643159.0,147.9,2013-03-07,3.9917,4433600.0,140.72,2015-11-05,62.83,353800.0,201.63,2015-02-26,25.957,6295386,199.91,2015-03-12,5.79,356000.0,194.07,2017-02-23,43.6,200319.0,233.13,2017-10-05,215.44,430744,254.66,2013-09-05,16.842,144278,152.35,2016-09-15,57.299,5081332,209.95,2012-03-29,44.673,4343191.0,125.26,,,,,2013-03-07,15.579,2417756.0,140.72,2017-02-16,115.79,7257334.0,231.43,2011-02-10,24.11,4908548.0,115.28,2010-11-11,29.95,388769.0,105.97,2013-02-28,62.904,1918398.0,137.84,2017-09-28,16.65,1153444,250.35,2016-04-28,72.754,1527123,201.31,2017-02-23,19.396,6178677.0,233.13,2012-03-01,28.464,2054465,122.5,2017-02-23,4.02,6533047.0,233.13,2016-02-25,9.11,1522046.0,188.74,2011-03-10,11.08,135875872,113.21,2011-08-11,15.63,2489532.0,103.16,2011-05-19,36.19,69032.0,117.82,2012-03-08,96.954,823987.0,121.88,2016-03-10,5.1949,644947.0,192.61,2016-01-07,82.73,4975141.0,187.29,2016-01-07,40.51,7718307.0,187.29,2013-02-28,6.2854,5165395.0,137.84,2016-02-25,10.62,7928910.0,188.74,2016-12-08,38.96,1932126.0,220.69,2015-12-03,23.409,446624.0,197.27,2015-02-19,5.4602,1447839.0,198.59,2011-02-24,53.246,25776.0,114.05,2013-02-21,44.7,423437.0,136.77,2013-06-13,11.012,6888992.0,149.97,2011-02-03,14.56,237801.0,113.92,2016-02-25,7.2324,21239092.0,188.74,2013-06-20,49.511,4431770.0,145.59,2016-02-18,43.66,4127666.0,185.4,,,,,2015-12-03,37.62,132189.0,197.27,2016-03-31,33.16,268496,199.39,2016-11-17,19.618,328341.0,214.66,2017-10-05,84.27,325855,254.66,2015-10-29,84.56,399300.0,200.38,2015-06-18,81.78,434000.0,202.12,2010-07-15,24.26,471108,95.54,2013-03-07,25.61,123324.0,140.72,2017-06-08,110.68,106971.0,241.41,2011-09-15,27.898,476940,106.77,2015-04-09,7.5,829029,198.45,2012-03-01,28.7,348351,122.5,2011-11-17,48.058,1479330.0,107.91,2016-09-29,31.644,875690,210.43,2013-02-28,3.9076,15474904.0,137.84,2010-11-18,63.975,13688086.0,104.51,2016-04-21,9.18,9051989,202.77,2011-12-22,3.35,1577791.0,111.43,2016-03-03,13.829,1283947.0,192.83,2014-01-16,18.173,312049.0,171.07,2016-01-14,6.8526,1662586.0,185.22,2016-10-20,12.1,144195,209.64,2016-09-01,38.4,83265.0,212.01,2016-02-11,11.85,1632056.0,176.49,2014-01-02,25.03,121554.0,169.68,2017-02-23,23.843,3516445.0,233.13,2015-03-12,32.844,234067.0,194.07,2015-02-26,13.3,37751,199.91,2016-03-31,24.04,275824,199.39,2015-03-19,8.8,337500.0,198.14,2016-02-11,7.7613,3621407.0,176.49,2015-08-13,47.71,473900.0,199.17,2017-05-04,19.55,908018.0,236.43,2016-09-22,15.59,42528,212.88,2015-07-23,2.25,1497100,200.63,2017-03-23,48.725,77796.0,231.74,2016-11-17,25.14,2578515.0,214.66,2017-07-20,54.52,1207006,245.88,2016-12-01,19.314,7907378.0,215.22,2017-04-06,73.987,513641.0,233.15
-3,2016-06-03,12.75,31162,204.01,2013-06-28,47.38,681980.0,147.28,2013-03-08,4.1149,10631904.0,141.35,2015-11-06,62.69,606200.0,201.53,2015-02-27,25.976,6012731,199.21,2015-03-13,5.82,276200.0,196.77,2017-02-24,43.78,259092.0,233.42,2017-10-06,217.65,568600,254.37,2013-09-06,16.746,124701,152.43,2016-09-16,57.164,5222373,209.14,2012-03-30,44.604,3692446.0,125.79,2016-11-25,16.84,953373.0,217.14,2013-03-08,15.94,2578362.0,141.35,2017-02-17,116.56,8861286.0,231.78,2011-02-11,24.26,2002607.0,115.96,2010-11-12,29.0,334280.0,104.7,2013-03-01,62.885,2915576.0,138.31,2017-09-29,16.6,790325,251.23,2016-04-29,72.124,2357714,200.18,2017-02-24,19.64,5382957.0,233.42,2012-03-02,28.407,796765,122.14,2017-02-24,4.05,5030954.0,233.42,2016-02-26,9.95,1421306.0,188.31,2011-03-11,11.316,91706675,113.97,2011-08-12,16.01,1106755.0,103.85,2011-05-20,36.11,83159.0,116.91,2012-03-09,96.722,1237761.0,122.38,2016-03-11,6.1487,947516.0,195.71,2016-01-08,83.519,3150008.0,185.25,2016-01-08,39.88,3291278.0,185.25,2013-03-01,6.2538,5025497.0,138.31,2016-02-26,10.76,7023066.0,188.31,2016-12-09,39.03,2449038.0,222.01,2015-12-04,23.671,378082.0,201.14,2015-02-20,5.4528,1397677.0,199.77,2011-02-25,54.891,14833.0,115.28,2013-02-22,45.71,310965.0,138.09,2013-06-14,11.145,7009128.0,149.03,2011-02-04,14.574,287527.0,114.26,2016-02-26,7.8587,37196758.0,188.31,2013-06-21,50.187,5873923.0,146.04,2016-02-19,43.018,4414028.0,185.32,2015-01-02,72.044,116128.0,194.29,2015-12-04,38.19,125300.0,201.14,2016-04-01,33.52,282160,200.77,2016-11-18,19.668,246494.0,214.17,2017-10-06,84.72,118451,254.37,2015-10-30,85.09,337700.0,199.51,2015-06-19,80.69,566900.0,201.24,2010-07-16,23.27,451230,92.917,2013-03-08,25.99,128475.0,141.35,2017-06-09,109.88,109878.0,241.04,2011-09-16,27.879,659879,107.42,2015-04-10,7.56,947200,199.52,2012-03-02,28.04,353884,122.14,2011-11-18,48.574,964115.0,107.81,2016-09-30,33.322,1014063,212.01,2013-03-01,3.8883,12070329.0,138.31,2010-11-19,64.476,13414655.0,104.79,2016-04-22,9.33,6016449,202.76,2011-12-23,3.41,1101062.0,112.41,2016-03-04,14.291,2084410.0,193.45,2014-01-17,18.119,146812.0,170.34,2016-01-15,6.7343,2631596.0,181.22,2016-10-21,11.29,250416,209.74,2016-09-02,38.53,93664.0,212.97,2016-02-12,12.35,562660.0,180.14,2014-01-03,25.18,116227.0,169.65,2017-02-24,24.443,1130873.0,233.42,2015-03-13,33.01,202187.0,196.77,2015-02-27,13.228,44290,199.21,2016-04-01,24.16,224217,200.77,2015-03-20,9.0,1790900.0,199.88,2016-02-12,8.4257,3274619.0,180.14,2015-08-14,48.38,220800.0,199.91,2017-05-05,20.0,1279694.0,237.37,2016-09-23,15.43,78469,211.7,2015-07-24,2.02,1786700,198.55,2017-03-24,49.173,25298.0,231.58,2016-11-18,25.23,1869406.0,214.17,2017-07-21,52.33,1247872,245.67,2016-12-02,19.501,3138085.0,215.32,2017-04-07,74.046,646346.0,232.91
0,2016-06-06,13.1,81551,205.06,2013-07-01,47.751,552710.0,148.15,2013-03-11,4.1544,12814807.0,141.86,2015-11-09,62.47,573740.0,199.65,2015-03-02,25.542,7783978,200.48,2015-03-16,5.78,235900.0,197.24,2017-02-27,43.74,160143.0,233.77,2017-10-09,216.56,204858,253.95,2013-09-09,16.913,145495,153.91,2016-09-19,56.472,3338354,209.18,2012-04-02,45.145,3287776.0,126.69,2016-11-28,16.74,2339885.0,216.11,2013-03-11,16.177,4798503.0,141.86,,,,,2011-02-14,24.95,3421595.0,116.24,2010-11-15,28.95,428990.0,104.55,2013-03-04,62.951,1704282.0,139.04,2017-10-02,16.6,997848,252.32,2016-05-02,73.202,1486673,201.78,2017-02-27,19.6,5045710.0,233.77,2012-03-05,28.389,729469,121.63,2017-02-27,4.09,4347855.0,233.77,2016-02-29,9.93,829654.0,186.83,2011-03-14,11.269,82617730,113.3,2011-08-15,16.16,569219.0,106.06,2011-05-23,35.22,59290.0,115.54,2012-03-12,97.012,859690.0,122.39,2016-03-14,5.7782,754087.0,195.45,2016-01-11,85.288,2403616.0,185.42,2016-01-11,39.68,3893059.0,185.42,2013-03-04,6.2953,7877924.0,139.04,2016-02-29,9.76,43777589.0,186.83,2016-12-12,39.75,5101825.0,221.76,2015-12-07,23.579,324922.0,199.91,2015-02-23,5.4303,1955530.0,199.74,2011-02-28,55.079,56404.0,116.0,2013-02-25,44.48,410453.0,135.48,2013-06-17,10.851,6197657.0,150.16,2011-02-07,14.631,290642.0,114.97,2016-02-29,8.0348,39054081.0,186.83,2013-06-24,48.872,4645129.0,144.2,2016-02-22,43.612,2539549.0,188.01,2015-01-05,71.234,171256.0,190.77,2015-12-07,37.44,187300.0,199.91,2016-04-04,34.31,346606,200.1,2016-11-21,19.718,287947.0,215.78,2017-10-09,85.29,113778,253.95,2015-11-02,86.69,344804.0,201.87,2015-06-22,82.02,447900.0,202.26,2010-07-19,23.22,583411,93.464,2013-03-11,25.89,203710.0,141.86,2017-06-12,111.16,109665.0,240.99,2011-09-19,27.198,359781,106.31,2015-04-13,7.58,906000,198.63,2012-03-05,27.65,359652,121.63,2011-11-21,47.524,1376413.0,105.76,2016-10-03,32.869,737420,211.5,2013-03-04,4.0532,15854402.0,139.04,2010-11-22,64.379,13469264.0,104.69,2016-04-25,9.37,9059058,202.4,,,,,2016-03-07,14.802,1301052.0,193.61,,,,,,,,,2016-10-24,11.42,52493,210.63,,,,,,,,,2014-01-06,25.1,146500.0,169.16,2017-02-27,24.836,797560.0,233.77,2015-03-16,33.056,112300.0,197.24,2015-03-02,13.393,170101,200.48,2016-04-04,24.19,409872,200.1,2015-03-23,8.97,435000.0,199.48,,,,,2015-08-17,48.74,292800.0,201.02,2017-05-08,19.9,1588442.0,237.33,2016-09-26,15.49,56349,209.99,2015-07-27,1.87,2880200,197.38,2017-03-27,47.519,41419.0,231.35,2016-11-21,25.84,1444579.0,215.78,2017-07-24,54.11,846928,245.61,2016-12-05,20.066,4598020.0,216.63,2017-04-10,75.145,407217.0,233.05
1,2016-06-07,13.51,161383,205.36,2013-07-02,46.772,669975.0,148.01,2013-03-12,4.1396,15319509.0,141.55,2015-11-10,61.89,610500.0,200.12,2015-03-03,25.275,8022897,199.65,2015-03-17,5.83,254300.0,196.68,2017-02-28,42.36,172934.0,233.16,2017-10-10,215.8,280573,254.62,2013-09-10,17.283,137578,155.04,2016-09-20,56.119,3076393,209.19,2012-04-03,45.378,1761608.0,126.2,2016-11-29,16.32,3363203.0,216.54,2013-03-12,16.087,3369333.0,141.55,2017-02-21,117.34,8764596.0,233.18,2011-02-15,24.59,3249122.0,115.87,2010-11-16,27.29,462037.0,102.94,2013-03-05,64.158,1478536.0,140.28,2017-10-03,16.6,1192830,252.86,2016-05-03,73.003,1720281,200.01,2017-02-28,19.123,12494790.0,233.16,2012-03-06,28.085,887586,119.83,2017-02-28,4.09,4296871.0,233.16,2016-03-01,10.12,578426.0,191.28,2011-03-15,11.559,138364420,111.99,2011-08-16,15.95,1178867.0,105.15,2011-05-24,35.34,34310.0,115.44,2012-03-13,97.995,846184.0,124.57,2016-03-15,5.5746,404411.0,195.13,2016-01-12,84.574,2106161.0,186.93,2016-01-12,40.06,3431210.0,186.93,2013-03-05,6.2854,8167333.0,140.28,2016-03-01,9.61,15409936.0,191.28,2016-12-13,40.52,4016684.0,223.26,2015-12-08,23.671,264147.0,198.58,2015-02-24,5.4225,2540338.0,200.32,2011-03-01,52.973,14399.0,114.06,2013-02-26,44.25,404524.0,136.39,2013-06-18,11.225,7950211.0,151.39,2011-02-08,14.69,429332.0,115.49,2016-03-01,7.7902,279914469.0,191.28,2013-06-25,49.845,3725517.0,145.61,2016-02-23,43.885,1651124.0,185.62,2015-01-06,69.925,154918.0,188.99,2015-12-08,37.19,76912.0,198.58,2016-04-05,33.04,238125,198.11,2016-11-22,20.013,259333.0,216.21,2017-10-10,85.68,184706,254.62,2015-11-03,86.3,302400.0,202.46,2015-06-23,81.13,475529.0,202.4,2010-07-20,23.89,371702,94.507,2013-03-12,25.81,99892.0,141.55,2017-06-13,108.48,151150.0,242.16,2011-09-20,26.488,486476,106.21,2015-04-14,7.54,1080300,199.0,2012-03-06,27.59,451176,119.83,2011-11-22,47.362,2302535.0,105.36,2016-10-04,33.087,762774,210.43,2013-03-05,4.0627,13878067.0,140.28,2010-11-23,63.967,6720443.0,103.19,2016-04-26,9.38,5902615,202.71,2011-12-27,3.42,759120.0,112.5,2016-03-08,13.992,1906364.0,191.5,2014-01-21,18.665,692878.0,170.85,2016-01-19,6.7597,2807376.0,181.51,2016-10-25,11.43,44315,209.93,2016-09-06,38.4,281722.0,213.6,2016-02-16,12.92,625896.0,183.18,2014-01-07,25.6,223800.0,170.19,2017-02-28,24.769,1422287.0,233.16,2015-03-17,33.129,223947.0,196.68,2015-03-03,13.631,95551,199.65,2016-04-05,23.51,168684,198.11,2015-03-24,9.06,385900.0,198.37,2016-02-16,8.9149,3438878.0,183.18,2015-08-18,48.28,221500.0,200.43,2017-05-09,20.45,3036390.0,237.11,2016-09-27,15.51,52921,211.3,2015-07-28,1.66,4736700,199.82,2017-03-28,48.005,26888.0,233.03,2016-11-22,26.22,1532207.0,216.21,2017-07-25,55.68,1929167,246.2,2016-12-06,20.126,4437530.0,217.31,2017-04-11,73.313,506528.0,232.77
2,2016-06-08,13.09,81482,206.04,2013-07-03,46.45,288633.0,148.07,2013-03-13,4.2127,11739325.0,141.76,2015-11-11,61.37,427400.0,199.32,2015-03-04,24.851,7239450,198.83,2015-03-18,5.74,326400.0,199.03,2017-03-01,43.59,147991.0,236.41,2017-10-11,216.35,205119,255.02,2013-09-11,17.195,119493,155.53,2016-09-21,59.439,7701369,211.54,2012-04-04,45.223,2417733.0,124.93,2016-11-30,16.21,3334484.0,216.01,2013-03-13,16.249,2151263.0,141.76,2017-02-22,117.2,5203361.0,232.97,2011-02-16,25.0,2440893.0,116.6,2010-11-17,27.65,323903.0,103.0,2013-03-06,64.952,1304863.0,140.47,2017-10-04,16.6,1415569,253.16,2016-05-04,72.574,1600333,198.91,2017-03-01,19.386,9076349.0,236.41,2012-03-07,28.521,556769,120.7,2017-03-01,4.13,5215644.0,236.41,2016-03-02,10.33,627333.0,192.09,2011-03-16,11.176,161488212,109.91,2011-08-17,16.2,806533.0,105.23,2011-05-25,35.24,43839.0,115.82,2012-03-14,97.391,1044459.0,124.44,2016-03-16,6.1301,1273228.0,196.28,2016-01-13,85.811,2229367.0,182.27,2016-01-13,38.85,3038884.0,182.27,2013-03-06,6.2597,5988451.0,140.47,2016-03-02,10.2,15038314.0,192.09,2016-12-14,40.79,3911804.0,221.41,2015-12-09,23.515,375320.0,197.02,2015-02-25,5.3998,2109991.0,200.15,2011-03-02,53.993,21753.0,114.31,2013-02-27,45.45,192872.0,138.11,2013-06-19,10.861,8238180.0,149.28,2011-02-09,14.744,711312.0,115.25,2016-03-02,8.9059,76137934.0,192.09,2013-06-26,49.772,2293545.0,147.02,2016-02-24,44.791,3010909.0,186.5,2015-01-07,70.364,161757.0,191.31,2015-12-09,36.26,131800.0,197.02,2016-04-06,33.82,212116,200.27,2016-11-23,20.209,220959.0,216.33,2017-10-11,85.51,214977,255.02,2015-11-04,89.32,570441.0,201.84,2015-06-24,80.53,730000.0,200.94,2010-07-21,23.37,410366,93.267,2013-03-13,25.65,162600.0,141.76,2017-06-14,108.57,103073.0,241.85,2011-09-21,26.205,1163803,103.07,2015-04-15,7.55,1053249,199.9,2012-03-07,28.14,321092,120.7,2011-11-23,46.269,1825520.0,103.02,2016-10-05,33.388,1082153,211.36,2013-03-06,3.8883,8429436.0,140.47,2010-11-24,64.346,5515062.0,104.7,2016-04-27,9.45,8556990,203.12,2011-12-28,3.44,674149.0,111.04,2016-03-09,14.135,1700335.0,192.45,2014-01-22,19.032,365103.0,170.96,2016-01-20,6.5315,3324338.0,179.19,2016-10-26,11.47,44770,209.5,2016-09-07,38.78,255799.0,213.58,2016-02-17,13.3,771627.0,186.18,2014-01-08,25.57,212400.0,170.23,2017-03-01,24.157,1181187.0,236.41,2015-03-18,33.565,307379.0,199.03,2015-03-04,13.901,105548,198.83,2016-04-06,23.95,139548,200.27,2015-03-25,8.76,407800.0,195.45,2016-02-17,9.1455,4513195.0,186.18,2015-08-19,47.64,193800.0,198.86,2017-05-10,20.9,1482980.0,237.54,2016-09-28,15.91,50148,212.35,2015-07-29,1.86,2696100,201.2,2017-03-29,49.299,42787.0,233.25,2016-11-23,26.16,1026008.0,216.33,2017-07-26,54.97,761850,246.21,2016-12-07,20.679,4542371.0,220.14,2017-04-12,70.718,700474.0,231.74
3,2016-06-09,12.67,69082,205.76,,,,,2013-03-14,4.2818,16205547.0,142.51,2015-11-12,59.66,611500.0,196.57,2015-03-05,24.958,3497580,199.03,2015-03-19,5.84,289100.0,198.14,2017-03-02,43.67,164451.0,234.93,2017-10-12,216.97,249741,254.64,2013-09-12,16.624,115296,155.11,2016-09-22,59.546,7416396,212.88,2012-04-05,45.592,1611672.0,124.89,2016-12-01,15.84,3408005.0,215.22,2013-03-14,16.488,2986663.0,142.51,2017-02-23,119.34,10174335.0,233.13,,,,,2010-11-18,28.2,187382.0,104.51,2013-03-07,64.971,1330840.0,140.72,2017-10-05,16.85,951063,254.66,2016-05-05,72.254,1297243,198.88,2017-03-02,19.406,9209237.0,234.93,2012-03-08,28.445,555126,121.88,2017-03-02,4.05,3292363.0,234.93,2016-03-03,10.7,477053.0,192.83,2011-03-17,11.238,99823164,111.38,2011-08-18,15.5,1040283.0,100.68,2011-05-26,35.19,101834.0,116.35,2012-03-15,97.41,1014336.0,125.15,2016-03-17,6.3617,981902.0,197.51,2016-01-14,88.378,2482240.0,185.22,2016-01-14,39.39,3185720.0,185.22,2013-03-07,6.3283,5071781.0,140.72,2016-03-03,10.57,18294525.0,192.83,2016-12-15,40.69,3335623.0,222.31,2015-12-10,23.282,357306.0,197.53,2015-02-26,5.362,2622112.0,199.91,2011-03-03,55.628,25772.0,116.27,2013-02-28,45.48,215633.0,137.84,2013-06-20,10.679,9951158.0,145.59,2011-02-10,14.806,448982.0,115.28,2016-03-03,9.758,66849872.0,192.83,2013-06-27,49.179,4128329.0,147.9,2016-02-25,45.405,2235268.0,188.74,2015-01-08,72.593,353863.0,194.74,2015-12-10,36.22,125300.0,197.53,2016-04-07,33.45,205760,197.87,,,,,2017-10-12,85.53,290627,254.64,2015-11-05,88.78,747000.0,201.63,2015-06-25,82.01,1213700.0,200.33,2010-07-22,24.57,550538,95.351,2013-03-14,26.81,178232.0,142.51,2017-06-15,107.91,110869.0,241.4,2011-09-22,26.085,926808,99.75,2015-04-16,7.61,751326,199.84,2012-03-08,27.06,2280293,121.88,,,,,2016-10-06,32.869,781745,211.5,2013-03-07,4.0143,9797286.0,140.72,,,,,2016-04-28,9.44,13680183,201.31,2011-12-29,3.49,923153.0,112.18,2016-03-10,14.135,1380930.0,192.61,2014-01-23,19.041,172317.0,169.56,2016-01-21,6.5822,1982008.0,180.2,2016-10-27,11.36,87786,208.95,2016-09-08,38.94,240078.0,213.11,2016-02-18,13.31,388486.0,185.4,2014-01-09,26.66,229300.0,170.34,2017-03-02,25.283,1901929.0,234.93,2015-03-19,33.537,174938.0,198.14,2015-03-05,13.799,41036,199.03,2016-04-07,22.6,181456,197.87,2015-03-26,8.83,534200.0,194.99,2016-02-18,9.3487,2968713.0,185.4,2015-08-20,46.04,166900.0,194.71,2017-05-11,20.55,1090643.0,237.05,2016-09-29,15.8,53891,210.43,2015-07-30,1.83,1691300,201.25,2017-03-30,49.854,40457.0,233.98,,,,,2017-07-27,53.1,1762926,245.98,2016-12-08,20.709,3857546.0,220.69,2017-04-13,70.093,754448.0,230.24
4,2016-06-10,12.52,58073,203.78,2013-07-05,45.941,738652.0,149.68,2013-03-15,4.3402,12210920.0,142.3,2015-11-13,59.48,471800.0,194.35,2015-03-06,22.986,11599845,196.25,2015-03-20,5.59,1020000.0,199.88,2017-03-03,43.47,131618.0,235.08,2017-10-13,217.44,181977,254.95,2013-09-13,16.878,136294,155.46,2016-09-23,58.589,6341779,211.7,,,,,2016-12-02,15.97,2659647.0,215.32,2013-03-15,16.2,3222453.0,142.3,2017-02-24,121.15,10967827.0,233.42,2011-02-18,24.58,2239000.0,117.21,2010-11-19,27.72,302584.0,104.79,2013-03-08,65.161,1375703.0,141.35,2017-10-06,16.8,764761,254.37,2016-05-06,72.804,1430533,199.59,2017-03-03,19.436,4385199.0,235.08,2012-03-09,28.959,904514,122.38,2017-03-03,4.05,3494868.0,235.08,2016-03-04,10.63,639386.0,193.45,2011-03-18,11.418,81873366,111.77,2011-08-19,14.89,762909.0,99.021,2011-05-27,36.14,78442.0,116.81,2012-03-16,97.615,1371058.0,125.33,2016-03-18,6.2969,3004339.0,198.29,2016-01-15,87.474,2040655.0,181.22,2016-01-15,37.79,4666565.0,181.22,2013-03-08,6.3602,4501597.0,141.35,2016-03-04,10.94,10966748.0,193.45,2016-12-16,40.09,7465345.0,221.88,2015-12-11,23.173,466497.0,193.71,2015-02-27,5.3544,2569456.0,199.21,2011-03-04,54.817,22549.0,115.4,2013-03-01,44.97,300600.0,138.31,2013-06-21,10.923,12647189.0,146.04,2011-02-11,14.79,514016.0,115.96,2016-03-04,10.764,88863775.0,193.45,2013-06-28,48.73,4192878.0,147.28,2016-02-26,43.857,2825871.0,188.31,2015-01-09,71.704,135629.0,193.16,2015-12-11,35.51,140900.0,193.71,2016-04-08,33.47,166510,198.41,2016-11-25,20.356,138534.0,217.14,2017-10-13,85.45,199437,254.95,2015-11-06,94.18,863700.0,201.53,2015-06-26,83.69,893700.0,200.29,2010-07-23,24.86,413602,96.196,2013-03-15,26.45,189927.0,142.3,2017-06-16,104.06,292972.0,241.45,2011-09-23,25.576,788001,100.35,2015-04-17,7.3,1499600,197.53,2012-03-09,27.14,913900,122.38,2011-11-25,46.62,495080.0,102.83,2016-10-07,32.295,583511,210.78,2013-03-08,4.0046,4823249.0,141.35,2010-11-26,63.587,3182960.0,103.5,2016-04-29,9.93,29837097,200.18,2011-12-30,3.76,1954460.0,111.62,2016-03-11,14.592,1376868.0,195.71,2014-01-24,19.131,456967.0,165.93,2016-01-22,6.7934,1932282.0,183.89,2016-10-28,11.22,96629,208.32,2016-09-09,38.63,229842.0,208.01,2016-02-19,13.25,524591.0,185.32,2014-01-10,28.45,617500.0,170.81,2017-03-03,25.637,1056371.0,235.08,2015-03-20,34.715,312326.0,199.88,2015-03-06,13.151,115978,196.25,2016-04-08,22.18,171523,198.41,2015-03-27,9.08,515000.0,195.43,2016-02-19,9.1551,2585522.0,185.32,2015-08-21,45.54,332200.0,188.66,2017-05-12,20.7,837452.0,236.65,2016-09-30,15.96,76980,212.01,2015-07-31,2.14,3988600,200.94,2017-03-31,50.661,60695.0,233.45,2016-11-25,25.89,878302.0,217.14,2017-07-28,53.41,718061,245.7,2016-12-09,21.591,6389124.0,222.01,,,,
7,2016-06-13,12.15,79141,202.24,2013-07-08,45.911,675585.0,150.51,2013-03-18,4.3338,10265342.0,141.54,2015-11-16,61.78,529600.0,197.28,2015-03-09,22.117,9640858,197.04,2015-03-23,5.54,530600.0,199.48,2017-03-06,42.61,187983.0,234.37,2017-10-16,216.42,401404,255.29,2013-09-16,16.659,183345,156.37,2016-09-26,58.51,4042250,209.99,2012-04-09,44.933,1804009.0,123.47,2016-12-05,15.965,2635148.0,216.63,2013-03-18,16.172,2517353.0,141.54,2017-02-27,120.82,6023498.0,233.77,,,,,2010-11-22,27.74,420460.0,104.69,2013-03-11,65.657,907592.0,141.86,2017-10-09,17.05,2120273,253.95,2016-05-09,72.983,1434171,199.75,2017-03-06,19.376,3513388.0,234.37,2012-03-12,28.871,636858,122.39,2017-03-06,4.05,7082585.0,234.37,2016-03-07,10.91,364432.0,193.61,2011-03-21,11.458,34180918,113.51,2011-08-22,15.24,643432.0,99.1,,,,,2012-03-19,98.045,963762.0,125.83,2016-03-21,6.5006,833842.0,198.58,,,,,,,,,2013-03-11,6.3602,7264384.0,141.86,2016-03-07,10.39,11204452.0,193.61,2016-12-19,40.08,2143152.0,222.36,2015-12-14,23.144,401710.0,194.7,2015-03-02,5.362,1683491.0,200.48,2011-03-07,53.388,35331.0,114.49,2013-03-04,44.62,396108.0,139.04,2013-06-24,10.437,16975358.0,144.2,2011-02-14,14.86,445169.0,116.24,2016-03-07,10.794,58728355.0,193.61,2013-07-01,49.103,3051081.0,148.15,2016-02-29,44.292,2767142.0,186.83,2015-01-12,70.834,157617.0,191.64,2015-12-14,33.44,308737.0,194.7,2016-04-11,33.38,172209,197.94,2016-11-28,20.209,196108.0,216.11,2017-10-16,85.54,206053,255.29,2015-11-09,92.96,575875.0,199.65,2015-06-29,81.14,643000.0,196.09,2010-07-26,25.4,427530,97.165,2013-03-18,26.03,105358.0,141.54,2017-06-19,99.98,217446.0,243.46,2011-09-26,25.778,553697,102.74,2015-04-20,7.43,1055309,199.33,2012-03-12,27.4,920191,122.39,2011-11-28,48.15,1217266.0,105.81,2016-10-10,31.127,2226443,211.87,2013-03-11,3.9755,6465125.0,141.86,2010-11-29,63.361,6145221.0,103.8,2016-05-02,9.01,17666006,201.78,,,,,2016-03-14,14.699,1961015.0,195.45,2014-01-27,19.112,555472.0,165.11,2016-01-25,6.7174,1209674.0,181.11,2016-10-31,11.79,68777,208.33,2016-09-12,38.67,195479.0,210.99,2016-02-22,13.51,218841.0,188.01,2014-01-13,28.48,359500.0,168.53,2017-03-06,25.619,1111782.0,234.37,2015-03-23,35.104,161672.0,199.48,2015-03-09,12.939,131624,197.04,2016-04-11,22.83,181777,197.94,2015-03-30,9.18,200800.0,197.82,2016-02-22,9.56,2608435.0,188.01,2015-08-24,43.95,345098.0,180.94,2017-05-15,20.7,979743.0,237.95,2016-10-03,16.04,92164,211.5,2015-08-03,1.85,2552165,200.26,2017-04-03,50.865,97805.0,233.04,2016-11-28,25.33,1054998.0,216.11,2017-07-31,53.31,488117,245.56,2016-12-12,21.373,5023811.0,221.76,2017-04-17,70.945,349244.0,232.28
8,2016-06-14,11.98,62251,201.83,2013-07-09,47.85,777944.0,151.61,2013-03-19,4.284,15403632.0,141.21,2015-11-17,61.18,396000.0,197.14,2015-03-10,21.502,13003459,193.86,2015-03-24,5.07,1365400.0,198.37,2017-03-07,42.94,123101.0,233.67,2017-10-17,218.99,272697,255.47,2013-09-17,16.958,156607,157.06,2016-09-27,58.17,4383047,211.3,2012-04-10,43.931,2477301.0,121.39,2016-12-06,15.66,4977348.0,217.31,2013-03-19,15.572,4647464.0,141.21,2017-02-28,120.63,9001247.0,233.16,2011-02-22,23.34,3950364.0,114.85,2010-11-23,27.2,469088.0,103.19,2013-03-12,65.998,1146331.0,141.55,2017-10-10,17.1,1842318,254.62,2016-05-10,74.242,1539892,202.24,2017-03-07,19.376,4866151.0,233.67,2012-03-13,29.676,1374028,124.57,2017-03-07,4.02,8992048.0,233.67,2016-03-08,10.2,964892.0,191.5,2011-03-22,11.301,56860271,113.12,2011-08-23,16.27,667274.0,102.39,2011-05-31,36.85,111818.0,118.02,2012-03-20,97.673,885556.0,125.47,2016-03-22,6.4172,495912.0,198.47,2016-01-19,87.959,2616853.0,181.51,2016-01-19,37.65,3051200.0,181.51,2013-03-12,6.4553,3646966.0,141.55,2016-03-08,10.4,12879105.0,191.5,2016-12-20,40.03,1391571.0,223.23,2015-12-15,23.482,402839.0,196.74,2015-03-03,5.4225,1590271.0,199.65,2011-03-08,54.467,28088.0,115.5,2013-03-05,44.76,185225.0,140.28,2013-06-25,10.417,11913957.0,145.61,2011-02-15,14.907,643866.0,115.87,2016-03-08,9.904,36351713.0,191.5,2013-07-02,49.828,3472242.0,148.01,2016-03-01,44.273,2031220.0,191.28,2015-01-13,72.034,157753.0,191.11,2015-12-15,33.78,133000.0,196.74,2016-04-12,33.54,242676,199.78,2016-11-29,20.356,289643.0,216.54,2017-10-17,85.51,146945,255.47,2015-11-10,92.35,596400.0,200.12,2015-06-30,81.85,652921.0,196.51,2010-07-27,25.3,555875,97.155,2013-03-19,25.92,161141.0,141.21,2017-06-20,98.02,222097.0,241.81,2011-09-27,25.585,840042,103.88,2015-04-21,7.35,819060,199.11,2012-03-13,27.78,512036,124.57,2011-11-29,48.095,923768.0,106.1,2016-10-11,30.825,958690,209.2,2013-03-12,3.9076,6076079.0,141.55,2010-11-30,63.393,6865290.0,103.22,2016-05-03,8.68,12740313,200.01,2012-01-03,3.65,1128077.0,113.41,2016-03-15,14.145,837578.0,195.13,2014-01-28,19.614,371569.0,166.1,2016-01-26,6.7174,1344943.0,183.57,2016-11-01,11.61,37944,206.83,2016-09-13,38.29,162531.0,207.96,2016-02-23,13.42,281822.0,185.62,2014-01-14,28.05,217600.0,170.37,2017-03-07,25.532,1098513.0,233.67,2015-03-24,34.892,243424.0,198.37,2015-03-10,12.846,89351,193.86,2016-04-12,22.57,108829,199.78,2015-03-31,9.26,290700.0,196.1,2016-02-23,9.4498,3005227.0,185.62,2015-08-25,43.43,275000.0,178.76,2017-05-16,20.65,801449.0,237.73,2016-10-04,15.96,59424,210.43,2015-08-04,1.92,935300,199.87,2017-04-04,50.165,62212.0,233.19,2016-11-29,24.93,1026675.0,216.54,2017-08-01,53.42,515497,246.1,2016-12-13,20.987,4553019.0,223.26,2017-04-18,70.371,666773.0,231.59
9,2016-06-15,11.97,52048,201.55,2013-07-10,48.28,416118.0,151.66,2013-03-20,4.434,15812993.0,142.18,2015-11-18,62.61,247300.0,200.29,2015-03-11,21.964,9361503,193.38,2015-03-25,5.03,702600.0,195.45,2017-03-08,42.78,116431.0,233.25,2017-10-18,221.8,330507,255.72,2013-09-18,17.178,147765,158.87,2016-09-28,62.183,8300034,212.35,2012-04-11,44.275,2016836.0,122.41,2016-12-07,15.38,5302081.0,220.14,2013-03-20,15.891,2381654.0,142.18,2017-03-01,122.26,9516313.0,236.41,2011-02-23,22.22,5323316.0,114.14,2010-11-24,27.92,757284.0,104.7,2013-03-13,65.873,887793.0,141.76,2017-10-11,17.1,1403932,255.02,2016-05-11,74.022,1340934,200.35,2017-03-08,19.309,4702752.0,233.25,2012-03-14,29.637,492885,124.44,2017-03-08,4.09,8112074.0,233.25,2016-03-09,10.28,407510.0,192.45,2011-03-23,11.276,81760008,113.45,2011-08-24,17.1,988386.0,103.82,2011-06-01,35.39,166207.0,115.38,2012-03-21,98.511,1219265.0,125.24,2016-03-23,6.1951,545542.0,197.15,2016-01-20,85.629,2194367.0,179.19,2016-01-20,37.36,4444840.0,179.19,2013-03-13,6.4553,4546764.0,141.76,2016-03-09,11.72,10502480.0,192.45,2016-12-21,39.99,1427856.0,222.6,2015-12-16,23.787,582651.0,199.61,2015-03-04,5.4602,1202060.0,198.83,2011-03-09,54.654,15459.0,115.33,2013-03-06,44.66,133763.0,140.47,2013-06-26,10.666,9907884.0,147.02,2011-02-16,14.626,476373.0,116.6,2016-03-09,10.257,31531697.0,192.45,2013-07-03,50.253,1918762.0,148.07,2016-03-02,44.3,2170498.0,192.09,2015-01-14,72.473,159526.0,189.96,2015-12-16,33.9,172600.0,199.61,2016-04-13,34.4,221939,201.79,2016-11-30,20.013,249577.0,216.01,2017-10-18,85.53,182381,255.72,2015-11-11,91.54,364700.0,199.32,2015-07-01,82.75,602500.0,198.08,2010-07-28,24.87,335673,96.566,2013-03-20,25.86,123990.0,142.18,2017-06-21,98.53,127138.0,241.76,2011-09-28,24.518,697599,101.77,2015-04-22,7.25,947546,200.09,2012-03-14,27.68,542208,124.44,2011-11-30,49.646,1576892.0,110.46,2016-10-12,31.608,731919,209.47,2013-03-13,3.927,6809499.0,141.76,2010-12-01,64.194,6575132.0,105.42,2016-05-04,9.28,12904319,198.91,2012-01-04,3.6,319808.0,113.58,2016-03-16,14.602,720624.0,196.28,2014-01-29,19.372,86214.0,164.52,2016-01-27,6.7429,937454.0,181.58,2016-11-02,11.81,97038,205.58,2016-09-14,38.3,155118.0,207.88,2016-02-24,13.7,1228297.0,186.5,2014-01-15,28.23,189162.0,171.3,2017-03-08,25.552,1352960.0,233.25,2015-03-25,34.12,215273.0,195.45,2015-03-11,13.159,90588,193.38,2016-04-13,23.27,69550,201.79,2015-04-01,9.13,568100.0,195.39,2016-02-24,9.4973,2791801.0,186.5,2015-08-26,45.4,336600.0,185.61,2017-05-17,20.225,913502.0,233.53,2016-10-05,16.09,64161,211.36,2015-08-05,1.94,936800,200.52,2017-04-05,48.939,580016.0,232.49,2016-11-30,25.18,1150597.0,216.01,2017-08-02,53.01,412853,246.22,2016-12-14,20.551,5929209.0,221.41,2017-04-19,69.599,297002.0,231.17
10,2016-06-16,10.25,1116258,202.16,2013-07-11,49.63,733727.0,153.73,2013-03-21,4.3503,13789865.0,140.98,2015-11-19,61.17,231600.0,200.11,2015-03-12,21.591,6160947,194.07,2015-03-26,5.02,1021300.0,194.99,2017-03-09,42.54,154670.0,233.54,2017-10-19,222.5,467127,255.79,2013-09-19,17.247,192013,158.59,2016-09-29,62.22,8086892,210.43,2012-04-12,45.022,1532000.0,124.0,2016-12-08,15.56,3028230.0,220.69,2013-03-21,15.846,2409479.0,140.98,2017-03-02,122.04,7040169.0,234.93,2011-02-24,22.79,3025943.0,114.05,,,,,2013-03-14,66.353,816030.0,142.51,2017-10-12,16.95,862036,254.64,2016-05-12,74.322,1298029,200.42,2017-03-09,19.153,3168546.0,233.54,2012-03-15,29.932,1140053,125.15,2017-03-09,3.98,10035543.0,233.54,2016-03-10,10.18,341874.0,192.61,2011-03-24,11.852,162861471,114.53,2011-08-25,17.67,1842194.0,102.24,2011-06-02,34.92,101260.0,115.27,2012-03-22,97.74,957239.0,124.36,2016-03-24,6.3893,686274.0,197.06,2016-01-21,86.571,1340745.0,180.2,2016-01-21,37.1,3440996.0,180.2,2013-03-14,6.4553,5477753.0,142.51,2016-03-10,11.69,8334077.0,192.61,2016-12-22,40.07,1811677.0,222.21,2015-12-17,23.525,620228.0,196.58,2015-03-05,5.4148,1299906.0,199.03,2011-03-10,50.318,37595.0,113.21,2013-03-07,45.39,141630.0,140.72,2013-06-27,10.927,7627635.0,147.9,,,,,2016-03-10,10.365,34738368.0,192.61,,,,,2016-03-03,44.337,1580101.0,192.83,2015-01-15,71.684,147930.0,188.22,2015-12-17,33.66,226400.0,196.58,2016-04-14,34.34,158954,201.8,2016-12-01,20.259,445632.0,215.22,2017-10-19,85.8,158586,255.79,2015-11-12,88.33,427900.0,196.57,2015-07-02,83.16,567200.0,197.89,2010-07-29,24.38,671918,96.089,2013-03-21,26.01,237910.0,140.98,2017-06-22,98.93,124175.0,241.65,2011-09-29,24.262,834078,102.57,2015-04-23,7.31,822000,200.59,2012-03-15,28.42,484252,125.15,2011-12-01,50.121,732593.0,110.44,2016-10-13,31.305,493650,208.79,2013-03-14,3.927,5161536.0,142.51,2010-12-02,64.266,6168801.0,106.77,2016-05-05,9.34,10200099,198.88,2012-01-05,3.5,448012.0,113.87,2016-03-17,14.729,1801465.0,197.51,2014-01-30,19.274,137058.0,166.26,2016-01-28,6.8356,798459.0,182.55,2016-11-03,11.81,94702,204.65,2016-09-15,38.72,197272.0,209.95,2016-02-25,13.78,299338.0,188.74,2014-01-16,28.65,188900.0,171.07,2017-03-09,25.696,1073677.0,233.54,2015-03-26,34.057,143336.0,194.99,2015-03-12,13.39,75901,194.07,2016-04-14,23.56,70605,201.8,2015-04-02,8.97,206600.0,196.11,2016-02-25,9.836,3058234.0,188.74,2015-08-27,46.3,233300.0,190.22,2017-05-18,19.95,1052469.0,234.46,2016-10-06,16.0,84113,211.5,2015-08-06,2.0,915029,198.89,2017-04-06,48.695,136317.0,233.15,2016-12-01,24.61,1403153.0,215.22,2017-08-03,54.48,496735,245.75,2016-12-15,20.363,4656992.0,222.31,2017-04-20,70.569,222556.0,233.05
11,2016-06-17,10.5,196260,201.41,2013-07-12,49.6,407926.0,153.8,2013-03-22,4.3087,8648182.0,142.1,2015-11-20,60.72,212400.0,200.84,2015-03-13,22.023,6672470,196.77,2015-03-27,5.25,592800.0,195.43,2017-03-10,42.1,188504.0,234.35,2017-10-20,228.51,532801,257.11,2013-09-20,17.187,452110,157.51,2016-09-30,62.348,5421718,212.01,2012-04-13,44.702,1954560.0,122.51,2016-12-09,15.64,1862540.0,222.01,2013-03-22,15.702,2633402.0,142.1,2017-03-03,122.19,5657977.0,235.08,2011-02-25,23.8,2367122.0,115.28,2010-11-26,27.66,241195.0,103.5,2013-03-15,65.764,1363097.0,142.3,2017-10-13,17.05,592320,254.95,2016-05-13,74.192,1261447,198.67,2017-03-10,19.153,3719398.0,234.35,2012-03-16,30.148,1354587,125.33,2017-03-10,4.06,5671974.0,234.35,2016-03-11,10.59,472706.0,195.71,2011-03-25,11.827,74731840,114.88,2011-08-26,18.18,862716.0,103.72,2011-06-03,34.9,107364.0,114.1,2012-03-23,98.897,1387621.0,124.73,,,,,2016-01-22,89.014,1465260.0,183.89,2016-01-22,37.85,3692600.0,183.89,2013-03-15,6.4184,7071853.0,142.3,2016-03-11,12.6,6604035.0,195.71,2016-12-23,40.32,922070.0,222.54,2015-12-18,23.029,1391313.0,193.06,2015-03-06,5.3998,1284701.0,196.25,2011-03-11,51.131,86602.0,113.97,2013-03-08,45.57,114583.0,141.35,2013-06-28,10.657,30735358.0,147.28,2011-02-18,14.721,372501.0,117.21,2016-03-11,10.923,32532936.0,195.71,2013-07-05,51.247,2983006.0,149.68,2016-03-04,44.668,1967755.0,193.45,2015-01-16,73.758,165157.0,190.69,2015-12-18,32.62,692000.0,193.06,2016-04-15,34.06,282770,201.57,2016-12-02,20.209,249501.0,215.32,2017-10-20,85.85,213445,257.11,2015-11-13,86.41,287000.0,194.35,,,,,2010-07-30,24.14,641332,96.07,2013-03-22,25.74,146990.0,142.1,2017-06-23,99.77,566693.0,241.93,2011-09-30,23.554,497779,100.01,2015-04-24,7.19,657401,201.06,2012-03-16,28.46,684156,125.33,2011-12-02,49.143,967288.0,110.35,2016-10-14,31.617,549850,208.9,2013-03-15,3.8883,12061437.0,142.3,2010-12-03,64.574,4460374.0,107.07,2016-05-06,9.67,8654498,199.59,2012-01-06,3.6,367476.0,113.59,2016-03-18,14.66,2326689.0,198.29,2014-01-31,19.131,257811.0,165.27,2016-01-29,6.8356,1798757.0,186.99,2016-11-04,11.58,76282,204.42,2016-09-16,38.0,1165290.0,209.14,2016-02-26,13.72,255681.0,188.31,2014-01-17,28.04,86000.0,170.34,2017-03-10,24.98,914078.0,234.35,2015-03-27,34.447,200713.0,195.43,2015-03-13,13.755,163776,196.77,2016-04-15,23.74,101387,201.57,,,,,2016-02-26,9.772,3343814.0,188.31,2015-08-28,48.41,343900.0,190.23,2017-05-19,19.7,759037.0,235.98,2016-10-07,15.96,111845,210.78,2015-08-07,1.9,760300,198.51,2017-04-07,48.531,124720.0,232.91,2016-12-02,24.48,1509416.0,215.32,2017-08-04,53.39,396010,246.19,2016-12-16,20.066,16327119.0,221.88,2017-04-21,69.915,335633.0,232.3
14,2016-06-20,10.39,182736,202.72,2013-07-15,49.191,273314.0,154.38,2013-03-25,4.2882,7314446.0,141.53,2015-11-23,62.15,307900.0,200.61,2015-03-16,22.023,5655197,197.24,2015-03-30,5.25,438400.0,197.82,2017-03-13,42.5,148360.0,234.47,2017-10-23,229.24,317982,256.11,2013-09-23,17.221,176835,156.77,2016-10-03,62.427,2970799,211.5,2012-04-16,44.305,2059111.0,122.44,2016-12-12,15.55,3131150.0,221.76,2013-03-25,15.693,2071886.0,141.53,2017-03-06,122.12,6757564.0,234.37,2011-02-28,23.35,2744052.0,116.0,2010-11-29,27.7,231816.0,103.8,2013-03-18,65.969,1254563.0,141.54,2017-10-16,17.1,852692,255.29,2016-05-16,74.302,1081081,200.63,2017-03-13,19.065,6409575.0,234.47,2012-03-19,30.273,1021830,125.83,2017-03-13,3.96,6029928.0,234.47,2016-03-14,10.87,558037.0,195.45,2011-03-28,11.709,52300094,114.59,2011-08-29,19.04,1025901.0,106.7,2011-06-06,34.83,93020.0,112.91,2012-03-26,100.48,1356883.0,126.5,2016-03-28,6.4728,650157.0,197.18,2016-01-25,87.551,1018945.0,181.11,2016-01-25,37.89,2223171.0,181.11,2013-03-18,6.4393,3909692.0,141.54,2016-03-14,12.89,6173424.0,195.45,,,,,2015-12-21,23.082,498437.0,194.67,2015-03-09,5.362,1792047.0,197.04,2011-03-14,48.341,52747.0,113.3,2013-03-11,45.7,216642.0,141.86,2013-07-01,10.729,4209153.0,148.15,,,,,2016-03-14,10.853,29064341.0,195.45,2013-07-08,51.491,3077644.0,150.51,2016-03-07,44.864,1534797.0,193.61,,,,,2015-12-21,33.12,153200.0,194.67,2016-04-18,34.08,186775,203.02,2016-12-05,20.701,405212.0,216.63,2017-10-23,85.79,98188,256.11,2015-11-16,86.99,380200.0,197.28,2015-07-06,83.57,573100.0,197.31,2010-08-02,25.19,1290093,98.231,2013-03-25,24.93,436500.0,141.53,2017-06-26,100.23,123157.0,242.09,2011-10-03,22.327,941217,97.135,2015-04-27,6.73,1725100,200.22,2012-03-19,28.63,367141,125.83,2011-12-05,49.768,1001061.0,111.56,2016-10-17,31.475,320855,208.18,2013-03-18,3.9464,9256661.0,141.54,2010-12-06,64.43,3842881.0,106.95,2016-05-09,9.73,12744974,199.75,2012-01-09,3.64,419549.0,113.86,2016-03-21,14.719,1335295.0,198.58,2014-02-03,18.845,259394.0,161.56,2016-02-01,6.9709,983135.0,186.92,2016-11-07,11.98,59400,208.93,2016-09-19,38.0,304779.0,209.18,2016-02-29,13.91,392436.0,186.83,,,,,2017-03-13,25.62,731928.0,234.47,2015-03-30,34.14,327439.0,197.82,2015-03-16,13.675,60802,197.24,2016-04-18,24.28,166104,203.02,2015-04-06,8.87,273700.0,197.41,2016-02-29,10.003,3864275.0,186.83,2015-08-31,46.76,248900.0,188.7,2017-05-22,20.45,630493.0,237.19,2016-10-10,15.98,168817,211.87,2015-08-10,1.93,1155700,201.0,2017-04-10,48.482,81020.0,233.05,2016-12-05,25.01,1755339.0,216.63,2017-08-07,55.51,858601,246.65,2016-12-19,19.828,4551191.0,222.36,2017-04-24,71.005,184265.0,234.86
15,2016-06-21,10.43,172017,203.28,2013-07-16,48.191,376432.0,153.82,2013-03-26,4.3066,5571959.0,142.64,2015-11-24,63.05,268300.0,200.88,2015-03-17,21.847,8505222,196.68,2015-03-31,5.03,2147905.0,196.1,2017-03-14,42.73,153962.0,233.58,2017-10-24,226.77,341827,256.56,2013-09-24,17.616,202013,156.41,2016-10-04,62.268,6481437,210.43,2012-04-17,44.943,2576568.0,124.25,2016-12-13,15.59,2949225.0,223.26,2013-03-26,15.337,3263975.0,142.64,2017-03-07,122.23,6730591.0,233.67,2011-03-01,22.96,3267356.0,114.06,2010-11-30,27.14,286043.0,103.22,2013-03-19,65.92,997512.0,141.21,2017-10-17,17.05,1028170,255.47,2016-05-17,74.102,1626294,198.76,2017-03-14,19.737,12296334.0,233.58,2012-03-20,30.225,668367,125.47,2017-03-14,3.93,3797924.0,233.58,2016-03-15,11.38,3783832.0,195.13,2011-03-29,11.696,42199312,115.37,2011-08-30,19.01,1177087.0,106.99,2011-06-07,34.63,87561.0,112.83,2012-03-27,101.02,1380500.0,126.12,2016-03-29,6.6766,875034.0,199.01,2016-01-26,87.693,1278753.0,183.57,2016-01-26,39.43,2544688.0,183.57,2013-03-19,6.3549,5223731.0,141.21,2016-03-15,12.7,5413471.0,195.13,2016-12-27,40.28,930225.0,223.1,2015-12-22,23.082,548188.0,196.44,2015-03-10,5.3393,1320661.0,193.86,2011-03-15,47.794,34328.0,111.99,2013-03-12,45.92,194055.0,141.55,2013-07-02,10.678,4260236.0,148.01,2011-02-22,14.679,577913.0,114.85,2016-03-15,11.068,24428667.0,195.13,2013-07-09,52.233,2913691.0,151.61,2016-03-08,45.549,1820134.0,191.5,2015-01-20,73.45,138163.0,191.09,2015-12-22,33.5,128273.0,196.44,2016-04-19,33.61,235112,203.64,2016-12-06,20.651,196123.0,217.31,2017-10-24,85.7,183140,256.56,2015-11-17,86.18,503700.0,197.14,2015-07-07,83.66,732800.0,198.57,2010-08-03,25.15,437605,97.764,2013-03-26,24.32,381120.0,142.64,2017-06-27,97.44,164310.0,240.14,2011-10-04,24.03,1474265,99.279,2015-04-28,6.66,1799644,200.86,2012-03-20,28.56,387423,125.47,2011-12-06,49.388,797526.0,111.59,2016-10-18,32.088,365122,209.47,2013-03-19,3.927,8040287.0,141.21,2010-12-07,65.045,9538190.0,107.01,2016-05-10,9.92,6761379,202.24,2012-01-10,3.67,284926.0,114.85,2016-03-22,14.844,1171562.0,198.47,2014-02-04,18.818,347955.0,162.71,2016-02-02,6.8526,757924.0,183.53,2016-11-08,12.01,58025,209.87,2016-09-20,38.09,168683.0,209.19,2016-03-01,14.25,423913.0,191.28,2014-01-21,27.76,120600.0,170.85,2017-03-14,25.406,928267.0,233.58,2015-03-31,33.759,371335.0,196.1,2015-03-17,13.646,108153,196.68,2016-04-19,24.51,124387,203.64,2015-04-07,8.93,206613.0,196.9,2016-03-01,10.096,5572212.0,191.28,2015-09-01,46.52,256300.0,183.07,2017-05-23,20.55,1573241.0,237.71,2016-10-11,15.77,70757,209.2,2015-08-11,1.81,995660,199.18,2017-04-11,48.434,86068.0,232.77,2016-12-06,25.14,1861916.0,217.31,2017-08-08,54.52,859530,246.04,2016-12-20,19.907,3455619.0,223.23,2017-04-25,70.223,257002.0,236.22
16,2016-06-22,10.5,199635,202.96,2013-07-17,48.915,391816.0,154.19,2013-03-27,4.3108,9285415.0,142.64,2015-11-25,63.1,317300.0,200.85,2015-03-18,22.59,9090151,199.03,2015-04-01,4.99,692200.0,195.39,2017-03-15,43.44,240340.0,235.6,2017-10-25,225.67,254066,255.29,2013-09-25,17.678,201087,155.96,2016-10-05,63.109,3535183,211.36,2012-04-18,45.263,1785501.0,123.83,2016-12-14,15.33,1820722.0,221.41,2013-03-27,15.231,3306111.0,142.64,2017-03-08,122.5,8012650.0,233.25,2011-03-02,23.33,2241868.0,114.31,2010-12-01,27.99,352225.0,105.42,2013-03-20,66.289,730988.0,142.18,2017-10-18,17.1,1460462,255.72,2016-05-18,74.232,1037833,198.82,2017-03-15,19.82,5520950.0,235.6,2012-03-21,29.991,667296,125.24,2017-03-15,4.01,6868858.0,235.6,2016-03-16,11.59,905674.0,196.28,2011-03-30,11.709,51840233,116.16,2011-08-31,18.56,422938.0,107.48,2011-06-08,34.02,121797.0,112.36,2012-03-28,100.3,1249861.0,125.48,2016-03-30,6.9913,1018906.0,199.88,2016-01-27,86.848,1250972.0,181.58,2016-01-27,38.5,1881662.0,181.58,2013-03-20,6.3381,6935440.0,142.18,2016-03-16,13.21,5480188.0,196.28,2016-12-28,39.89,1302868.0,221.26,2015-12-23,23.254,426932.0,198.87,2015-03-11,5.3316,1095617.0,193.38,2011-03-16,47.199,48354.0,109.91,2013-03-13,45.51,260600.0,141.76,2013-07-03,10.625,3686115.0,148.07,2011-02-23,14.601,344195.0,114.14,2016-03-16,11.274,33295892.0,196.28,2013-07-10,51.912,2872282.0,151.66,2016-03-09,45.949,1391138.0,192.45,2015-01-21,77.882,382465.0,192.07,2015-12-23,34.23,213300.0,198.87,2016-04-20,33.72,199485,203.83,2016-12-07,21.193,301612.0,220.14,2017-10-25,85.82,175776,255.29,2015-11-18,88.31,313500.0,200.29,2015-07-08,82.3,496600.0,195.23,2010-08-04,25.22,541371,98.42,2013-03-27,24.11,234157.0,142.64,2017-06-28,99.8,142567.0,242.29,2011-10-05,24.842,945924,101.12,2015-04-29,6.54,1673700,200.03,2012-03-21,28.83,415254,125.24,2011-12-07,49.289,1348725.0,112.0,2016-10-19,32.652,459779,210.03,2013-03-20,3.9755,6925691.0,142.18,2010-12-08,63.749,11531835.0,107.41,2016-05-11,9.99,15313613,200.35,2012-01-11,3.6,231788.0,114.92,2016-03-23,14.505,936946.0,197.15,2014-02-05,18.836,404432.0,162.49,2016-02-03,6.954,675483.0,184.65,2016-11-09,12.25,66722,212.09,2016-09-21,37.86,223269.0,211.54,2016-03-02,14.02,576183.0,192.09,2014-01-22,27.8,154300.0,170.96,2017-03-15,25.378,901285.0,235.6,2015-04-01,34.03,466784.0,195.39,2015-03-18,13.617,81529,199.03,2016-04-20,24.62,112730,203.83,2015-04-08,9.0,186600.0,197.56,2016-03-02,10.199,3806137.0,192.09,2015-09-02,46.99,308300.0,186.53,2017-05-24,20.8,470723.0,238.26,2016-10-12,15.88,43322,209.47,2015-08-12,1.72,1851600,199.42,2017-04-12,48.501,84994.0,231.74,2016-12-07,25.09,1641062.0,220.14,2017-08-09,53.99,934407,246.03,2016-12-21,19.828,2941002.0,222.6,2017-04-26,70.431,291349.0,236.07
17,2016-06-23,10.68,338725,205.59,2013-07-18,49.151,342018.0,155.04,2013-03-28,4.2901,6649773.0,143.08,,,,,2015-03-19,22.54,7707461,198.14,2015-04-02,5.01,503400.0,196.11,2017-03-16,43.48,154812.0,235.14,2017-10-26,225.71,194711,255.62,2013-09-26,17.89,143290,156.54,2016-10-06,62.563,3451724,211.5,2012-04-19,45.032,1337449.0,123.02,2016-12-15,15.25,2688038.0,222.31,2013-03-28,15.211,2789285.0,143.08,2017-03-09,124.33,8681802.0,233.54,2011-03-03,24.98,4621165.0,116.27,2010-12-02,27.83,447215.0,106.77,2013-03-21,63.843,3058993.0,140.98,2017-10-19,17.35,1908779,255.79,2016-05-19,74.152,986863,198.12,2017-03-16,19.85,4058918.0,235.14,2012-03-22,29.828,1319393,124.36,2017-03-16,4.06,5579669.0,235.14,2016-03-17,11.86,577796.0,197.51,2011-03-31,11.747,53182026,116.0,2011-09-01,17.96,699678.0,106.31,2011-06-09,33.95,77069.0,113.22,2012-03-29,100.85,1248503.0,125.26,2016-03-31,7.4081,1593892.0,199.39,2016-01-28,88.273,1169514.0,182.55,2016-01-28,38.67,1211803.0,182.55,2013-03-21,6.3339,4917677.0,140.98,2016-03-17,13.35,5048117.0,197.51,2016-12-29,40.08,1362080.0,221.21,2015-12-24,23.29,211968.0,198.54,2015-03-12,5.3623,945231.0,194.07,2011-03-17,49.154,31559.0,111.38,2013-03-14,47.39,219463.0,142.51,,,,,2011-02-24,14.642,365920.0,114.05,2016-03-17,11.206,31435268.0,197.51,2013-07-11,52.57,3276781.0,153.73,2016-03-10,45.634,3130961.0,192.61,2015-01-22,79.319,337172.0,194.9,2015-12-24,34.39,112460.0,198.54,2016-04-21,33.8,242439,202.77,2016-12-08,21.979,403732.0,220.69,2017-10-26,85.72,198426,255.62,2015-11-19,87.68,304900.0,200.11,2015-07-09,82.24,630800.0,195.58,2010-08-05,25.1,770528,98.32,2013-03-28,23.4,248544.0,143.08,2017-06-29,100.73,106606.0,240.16,2011-10-06,25.388,633827,102.96,2015-04-30,6.25,2636100,198.03,2012-03-22,28.8,387486,124.36,2011-12-08,48.004,1267453.0,109.57,2016-10-20,32.794,203152,209.64,2013-03-21,3.9076,4436480.0,140.98,2010-12-09,62.834,13069511.0,107.82,2016-05-12,10.09,11509957,200.42,2012-01-12,3.6,208603.0,115.2,2016-03-24,14.552,833666.0,197.06,2014-02-06,18.942,236430.0,164.65,2016-02-04,6.9962,644041.0,184.94,2016-11-10,12.12,38712,212.63,2016-09-22,38.59,291775.0,212.88,2016-03-03,14.39,395929.0,192.83,2014-01-23,28.37,191226.0,169.56,2017-03-16,25.512,642505.0,235.14,2015-04-02,34.361,154874.0,196.11,2015-03-19,13.303,92782,198.14,2016-04-21,24.8,104359,202.77,2015-04-09,9.02,245565.0,198.45,2016-03-03,10.554,3183097.0,192.83,2015-09-03,46.73,256400.0,186.67,2017-05-25,20.5,498793.0,239.41,2016-10-13,15.5,52038,208.79,2015-08-13,1.65,1051000,199.17,2017-04-13,48.638,61066.0,230.24,2016-12-08,24.06,2547409.0,220.69,2017-08-10,50.06,2232516,242.56,2016-12-22,19.877,3515860.0,222.21,2017-04-27,69.291,598940.0,236.27
18,2016-06-24,10.52,309467,198.11,2013-07-19,49.405,620135.0,155.31,,,,,2015-11-27,62.74,141700.0,201.08,2015-03-20,22.666,17254762,199.88,,,,,2017-03-17,43.73,338258.0,234.72,2017-10-27,227.32,185991,257.71,2013-09-27,17.855,103091,155.86,2016-10-07,61.821,4018561,210.78,2012-04-20,45.312,1010825.0,123.23,2016-12-16,15.14,3030069.0,221.88,,,,,2017-03-10,124.59,7491323.0,234.35,2011-03-04,24.56,3424546.0,115.4,2010-12-03,28.21,469475.0,107.07,2013-03-22,63.506,1956688.0,142.1,2017-10-20,17.5,1581333,257.11,2016-05-20,74.901,903334,199.36,2017-03-17,20.036,5160776.0,234.72,2012-03-23,30.303,765616,124.73,2017-03-17,4.16,17325516.0,234.72,2016-03-18,11.9,956458.0,198.29,2011-04-01,11.947,147375823,116.49,2011-09-02,17.08,404586.0,103.61,2011-06-10,34.4,75789.0,111.64,2012-03-30,101.1,1307258.0,125.79,2016-04-01,6.334,1295000.0,200.77,2016-01-29,90.099,2121203.0,186.99,2016-01-29,40.15,3196784.0,186.99,2013-03-22,6.4044,8030358.0,142.1,2016-03-18,13.19,8813122.0,198.29,2016-12-30,40.12,1661751.0,220.39,,,,,2015-03-13,5.3547,1188943.0,196.77,2011-03-18,49.428,20419.0,111.77,2013-03-15,48.2,552230.0,142.3,2013-07-05,10.251,11397522.0,149.68,2011-02-25,14.772,332979.0,115.28,2016-03-18,11.382,42130529.0,198.29,2013-07-12,52.273,2529828.0,153.8,2016-03-11,45.901,1752456.0,195.71,2015-01-23,78.679,195142.0,193.85,,,,,2016-04-22,35.06,525609,202.76,2016-12-09,22.028,298680.0,222.01,2017-10-27,85.97,230568,257.71,2015-11-20,88.54,196500.0,200.84,2015-07-10,83.94,642900.0,198.06,2010-08-06,25.37,462463,97.921,,,,,2017-06-30,100.87,161425.0,240.61,2011-10-07,24.576,290856,102.26,2015-05-01,6.32,1871100,200.17,2012-03-23,28.7,226334,124.73,2011-12-09,48.782,1148865.0,111.42,2016-10-21,32.794,445002,209.74,2013-03-22,3.8978,5218023.0,142.1,2010-12-10,62.793,6568309.0,108.43,2016-05-13,10.1,9931985,198.67,2012-01-13,3.59,245645.0,114.59,,,,,2014-02-07,19.083,145136.0,166.67,2016-02-05,6.9962,827861.0,181.42,2016-11-11,12.37,66594,212.13,2016-09-23,39.4,353472.0,211.7,2016-03-04,13.89,888525.0,193.45,2014-01-24,27.78,226267.0,165.93,2017-03-17,25.87,1578754.0,234.72,,,,,2015-03-20,13.522,287681,199.88,2016-04-22,24.22,213409,202.76,2015-04-10,9.29,670300.0,199.52,2016-03-04,10.676,3745757.0,193.45,2015-09-04,45.82,189600.0,183.83,2017-05-26,20.55,950605.0,239.36,2016-10-14,15.48,43066,208.9,2015-08-14,1.58,1922200,199.91,,,,,2016-12-09,24.18,1207561.0,222.01,2017-08-11,54.45,3901154,242.92,2016-12-23,19.59,2166339.0,222.54,2017-04-28,69.579,309561.0,235.75
21,2016-06-27,10.39,119528,194.67,2013-07-22,49.161,285564.0,155.63,2013-04-01,4.1523,8614146.0,142.52,2015-11-30,63.11,694800.0,200.25,2015-03-23,22.854,7604387,199.48,2015-04-06,4.99,516300.0,197.41,2017-03-20,42.67,108502.0,234.46,2017-10-30,226.37,170878,256.75,2013-09-30,17.688,164914,155.0,2016-10-10,62.631,2414672,211.87,2012-04-23,44.894,1331570.0,122.21,2016-12-19,15.06,2238110.0,222.36,2013-04-01,15.031,3910701.0,142.52,2017-03-13,125.05,7198014.0,234.47,2011-03-07,23.12,4580140.0,114.49,2010-12-06,28.29,277936.0,106.95,2013-03-25,62.493,1571726.0,141.53,2017-10-23,17.45,1647907,256.11,2016-05-23,74.851,887089,199.09,2017-03-20,19.85,3590202.0,234.46,2012-03-26,30.586,1494285,126.5,2017-03-20,4.06,5358271.0,234.46,2016-03-21,12.27,1956872.0,198.58,2011-04-04,12.255,125634676,116.59,,,,,2011-06-13,33.32,119959.0,111.72,2012-04-02,101.44,1665648.0,126.69,2016-04-04,6.2042,676865.0,200.1,2016-02-01,90.973,1494803.0,186.92,2016-02-01,40.59,2843097.0,186.92,2013-03-25,6.3502,4287947.0,141.53,2016-03-21,13.43,3309653.0,198.58,,,,,2015-12-28,23.399,1463220.0,198.08,2015-03-16,5.3012,1294742.0,197.24,2011-03-21,52.15,67937.0,113.51,2013-03-18,47.32,247111.0,141.54,2013-07-08,10.365,7744449.0,150.51,2011-02-28,14.73,332673.0,116.0,2016-03-21,11.187,27149633.0,198.58,2013-07-15,52.692,2188330.0,154.38,2016-03-14,45.995,1444251.0,195.45,2015-01-26,78.529,229480.0,194.31,2015-12-28,33.89,153384.0,198.08,2016-04-25,35.15,526986,202.4,2016-12-12,21.635,505162.0,221.76,2017-10-30,85.43,219486,256.75,2015-11-23,87.89,278600.0,200.61,2015-07-13,85.97,563900.0,200.24,2010-08-09,26.37,1852172,98.438,2013-04-01,23.32,253084.0,142.52,2017-07-03,101.63,106732.0,241.02,2011-10-10,24.912,455996,105.69,2015-05-04,7.14,7490300,200.75,2012-03-26,28.95,377789,126.5,2011-12-12,48.52,1418856.0,109.76,2016-10-24,32.889,666541,210.63,2013-03-25,3.8785,5458153.0,141.53,2010-12-13,62.428,8555253.0,108.5,2016-05-16,9.98,7068073,200.63,,,,,2016-03-28,14.612,802518.0,197.18,2014-02-10,19.131,132143.0,166.98,2016-02-08,6.8273,998139.0,179.0,2016-11-14,12.52,54505,212.3,2016-09-26,38.09,731805.0,209.99,2016-03-07,14.01,398039.0,193.61,2014-01-27,26.83,236123.0,165.11,2017-03-20,25.968,855775.0,234.46,2015-04-06,35.029,218078.0,197.41,2015-03-23,13.786,80841,199.48,2016-04-25,24.56,153791,202.4,2015-04-13,9.17,192600.0,198.63,2016-03-07,10.666,4007112.0,193.61,,,,,,,,,2016-10-17,15.42,55154,208.18,2015-08-17,1.45,2819900,201.02,2017-04-17,49.6,54650.0,232.28,2016-12-12,22.73,2313226.0,221.76,2017-08-14,53.64,1717766,245.33,,,,,2017-05-01,69.341,562485.0,236.35
22,2016-06-28,11.05,104848,198.18,2013-07-23,48.613,277440.0,155.29,2013-04-02,4.0166,12582261.0,143.22,2015-12-01,63.28,461893.0,202.15,2015-03-24,22.58,6474423,198.37,2015-04-07,4.95,532193.0,196.9,2017-03-21,40.77,242473.0,231.46,2017-10-31,229.02,224773,257.15,2013-10-01,17.88,133347,156.23,2016-10-11,61.372,3043808,209.2,2012-04-24,44.113,2804906.0,122.65,2016-12-20,15.3,2838681.0,223.23,2013-04-02,15.275,3704985.0,143.22,2017-03-14,125.41,7779810.0,233.58,2011-03-08,23.11,2288510.0,115.5,2010-12-07,28.76,219171.0,107.01,2013-03-26,62.711,1619889.0,142.64,2017-10-24,17.35,1083561,256.56,2016-05-24,77.17,1847560,201.66,2017-03-21,19.732,4428837.0,231.46,2012-03-27,31.307,1668698,126.12,2017-03-21,3.93,11579683.0,231.46,2016-03-22,12.19,659302.0,198.47,2011-04-05,12.442,91809574,116.57,2011-09-06,17.46,618202.0,102.88,2011-06-14,33.04,247346.0,113.15,2012-04-03,101.21,1554947.0,126.2,2016-04-05,6.1487,948071.0,198.11,2016-02-02,90.83,2383568.0,183.53,2016-02-02,39.27,2661268.0,183.53,2013-03-26,6.3765,4773703.0,142.64,2016-03-22,13.41,3672721.0,198.47,2017-01-03,40.15,2026461.0,222.07,2015-12-29,23.888,457347.0,200.19,2015-03-17,5.3164,1336299.0,196.68,2011-03-22,54.135,43146.0,113.12,2013-03-19,46.59,140493.0,141.21,2013-07-09,10.282,6705879.0,151.61,2011-03-01,14.748,351059.0,114.06,2016-03-22,11.068,23425893.0,198.47,2013-07-16,52.778,2169438.0,153.82,2016-03-15,45.861,1751532.0,195.13,2015-01-27,79.139,371186.0,191.73,2015-12-29,33.74,192619.0,200.19,2016-04-26,34.47,681908,202.71,2016-12-13,21.979,192267.0,223.26,2017-10-31,85.7,573737,257.15,2015-11-24,90.91,310300.0,200.88,2015-07-14,85.44,597772.0,201.11,2010-08-10,25.77,907020,97.911,2013-04-02,22.63,171300.0,143.22,,,,,2011-10-11,25.069,262424,105.8,2015-05-05,6.57,3583900,198.45,2012-03-27,29.01,235735,126.12,2011-12-13,48.52,2006003.0,108.75,2016-10-25,32.04,637178,209.93,2013-03-26,3.8688,6732414.0,142.64,2010-12-14,62.428,7460780.0,108.6,2016-05-17,10.59,26670959,198.76,2012-01-17,3.6,433199.0,115.04,2016-03-29,14.883,1266230.0,199.01,2014-02-11,19.488,174503.0,168.81,2016-02-09,6.7174,1157215.0,178.99,2016-11-15,12.49,32437,213.95,2016-09-27,38.55,148939.0,211.3,2016-03-08,13.8,1002867.0,191.5,2014-01-28,26.87,148353.0,166.1,2017-03-21,25.88,1043710.0,231.46,2015-04-07,34.519,317014.0,196.9,2015-03-24,13.45,126957,198.37,2016-04-26,24.38,130136,202.71,2015-04-14,9.0,189300.0,199.0,2016-03-08,10.395,3514648.0,191.5,2015-09-08,46.94,168800.0,188.46,2017-05-30,20.7,392109.0,239.15,2016-10-18,15.37,35951,209.47,2015-08-18,1.44,2104800,200.43,2017-04-18,49.572,60746.0,231.59,2016-12-13,25.13,4763857.0,223.26,2017-08-15,51.02,2013506,245.3,2016-12-27,19.59,2448118.0,223.1,2017-05-02,74.036,1469752.0,236.44
23,2016-06-29,11.09,156384,201.54,2013-07-24,47.89,412264.0,154.72,2013-04-03,3.931,16389753.0,141.77,2015-12-02,61.73,335011.0,200.09,2015-03-25,22.201,6048354,195.45,2015-04-08,4.97,453100.0,197.56,2017-03-22,40.91,142203.0,231.99,2017-11-01,230.47,182303,257.49,2013-10-02,17.767,282465,156.09,2016-10-12,61.216,3406938,209.47,2012-04-25,44.702,2467339.0,124.35,2016-12-21,15.18,1927055.0,222.6,2013-04-03,15.518,3942560.0,141.77,2017-03-15,127.3,8468885.0,235.6,2011-03-09,21.24,4472117.0,115.33,2010-12-08,28.33,236564.0,107.41,2013-03-27,62.567,2166549.0,142.64,2017-10-25,17.3,983981,255.29,2016-05-25,76.21,1373605,203.05,2017-03-22,19.772,3132018.0,231.99,2012-03-28,31.892,1750071,125.48,2017-03-22,3.97,7121018.0,231.99,2016-03-23,12.11,584606.0,197.15,2011-04-06,12.395,78992272,116.96,2011-09-07,18.2,477414.0,105.77,2011-06-15,32.65,120730.0,111.15,2012-04-04,100.29,927399.0,124.93,2016-04-06,6.5006,730140.0,200.27,2016-02-03,90.946,1811561.0,184.65,2016-02-03,38.34,4545053.0,184.65,2013-03-27,6.4102,3308493.0,142.64,2016-03-23,13.02,3403963.0,197.15,2017-01-04,40.03,2604701.0,223.41,2015-12-30,23.761,525433.0,198.78,2015-03-18,5.3928,2148595.0,199.03,2011-03-23,55.147,96686.0,113.45,2013-03-20,46.18,179054.0,142.18,2013-07-10,10.168,4031831.0,151.66,2011-03-02,14.831,539563.0,114.31,2016-03-23,9.974,31949663.0,197.15,2013-07-17,52.759,1468196.0,154.19,2016-03-16,46.1,1837036.0,196.28,2015-01-28,78.569,462511.0,189.26,2015-12-30,33.19,97601.0,198.78,2016-04-27,34.7,866982,203.12,2016-12-14,21.832,190536.0,221.41,2017-11-01,85.7,234635,257.49,2015-11-25,90.29,236100.0,200.85,2015-07-15,85.61,399488.0,201.04,2010-08-11,24.16,925082,95.207,2013-04-03,21.02,1034430.0,141.77,2017-07-05,101.1,147288.0,241.58,2011-10-12,25.594,315558,106.71,2015-05-06,7.1,3376764,197.62,2012-03-28,28.45,531492,125.48,2011-12-14,48.095,1798662.0,107.61,2016-10-26,32.276,565783,209.5,2013-03-27,3.7719,8849752.0,142.64,2010-12-15,62.323,7563285.0,108.11,2016-05-18,10.59,7671155,198.82,2012-01-18,3.54,432247.0,116.3,2016-03-30,14.951,1096680.0,199.88,2014-02-12,19.73,165263.0,168.89,2016-02-10,6.7006,558802.0,178.83,2016-11-16,12.49,20851,213.54,2016-09-28,38.73,277999.0,212.35,2016-03-09,13.96,314469.0,192.45,2014-01-29,26.33,150700.0,164.52,2017-03-22,25.212,810633.0,231.99,2015-04-08,34.974,155955.0,197.56,2015-03-25,13.224,153036,195.45,2016-04-27,24.18,104154,203.12,2015-04-15,9.29,340791.0,199.9,2016-03-09,10.488,2764647.0,192.45,2015-09-09,46.18,182600.0,185.93,2017-05-31,20.75,535918.0,239.09,2016-10-19,15.29,75850,210.03,2015-08-19,1.29,2330700,198.86,2017-04-19,49.25,61403.0,231.17,2016-12-14,23.04,4589980.0,221.41,2017-08-16,50.58,1183929,245.73,2016-12-28,19.065,3257461.0,221.26,2017-05-03,71.896,611545.0,236.15
24,2016-06-30,10.78,51348,204.31,2013-07-25,47.055,545803.0,155.09,2013-04-04,3.9122,15354179.0,142.33,2015-12-03,61.02,366222.0,197.27,2015-03-26,21.886,8006255,194.99,2015-04-09,4.94,631103.0,198.45,2017-03-23,41.45,157260.0,231.74,2017-11-02,231.8,232339,257.59,2013-10-03,17.132,201066,154.65,2016-10-13,60.59,4854440,208.79,2012-04-26,45.773,4533305.0,125.2,2016-12-22,14.94,3202727.0,222.21,2013-04-04,16.055,6023142.0,142.33,2017-03-16,126.8,7709925.0,235.14,2011-03-10,21.25,3827794.0,113.21,2010-12-09,28.54,272587.0,107.82,2013-03-28,63.293,1462830.0,143.08,2017-10-26,18.65,1898451,255.62,2016-05-26,76.32,642516,203.11,2017-03-23,19.772,3741325.0,231.74,2012-03-29,31.448,1244087,125.26,2017-03-23,4.02,5719126.0,231.74,2016-03-24,11.69,690206.0,197.06,2011-04-07,12.239,65036185,116.65,2011-09-08,17.55,365960.0,104.65,2011-06-16,33.23,67957.0,111.38,2012-04-05,100.41,727864.0,124.89,2016-04-07,6.445,1501048.0,197.87,2016-02-04,90.632,2091779.0,184.94,2016-02-04,38.7,3460648.0,184.94,2013-03-28,6.3931,3422571.0,143.08,2016-03-24,13.39,3696137.0,197.06,2017-01-05,39.79,1885862.0,223.23,2015-12-31,23.463,808284.0,196.79,2015-03-19,5.4081,1110545.0,198.14,2011-03-24,56.819,42886.0,114.53,2013-03-21,45.6,210890.0,140.98,2013-07-11,10.51,6667692.0,153.73,2011-03-03,14.877,370214.0,116.27,2016-03-24,10.071,29609989.0,197.06,2013-07-18,53.331,2403542.0,155.04,2016-03-17,46.548,1652639.0,197.51,2015-01-29,78.082,266354.0,191.02,2015-12-31,32.22,128547.0,196.79,2016-04-28,33.47,509238,201.31,2016-12-15,22.373,416992.0,222.31,2017-11-02,85.52,281133,257.59,,,,,2015-07-16,86.27,346700.0,202.66,2010-08-12,23.72,681226,94.642,2013-04-04,20.8,501645.0,142.33,2017-07-06,98.5,115779.0,239.37,2011-10-13,25.392,242763,106.49,2015-05-07,7.15,2374174,198.42,2012-03-29,28.28,584689,125.26,2011-12-15,48.465,1418173.0,107.98,2016-10-27,31.475,459997,208.95,2013-03-28,3.8106,6885805.0,143.08,2010-12-16,62.106,8005674.0,108.74,2016-05-19,10.56,4974612,198.12,2012-01-19,3.48,323854.0,116.94,2016-03-31,15.009,910729.0,199.39,2014-02-13,19.782,204841.0,169.76,2016-02-11,6.5822,1007267.0,176.49,2016-11-17,12.52,37688,214.66,2016-09-29,38.14,142766.0,210.43,2016-03-10,13.81,1008238.0,192.61,2014-01-30,26.3,135900.0,166.26,2017-03-23,25.61,746705.0,231.74,2015-04-09,34.074,153164.0,198.45,2015-03-26,13.136,95663,194.99,2016-04-28,24.08,82745,201.31,2015-04-16,9.62,368465.0,199.84,2016-03-10,10.92,5831040.0,192.61,2015-09-10,45.9,175420.0,186.96,2017-06-01,20.85,394581.0,240.99,2016-10-20,15.38,32030,209.64,2015-08-20,1.27,2272300,194.71,2017-04-20,48.929,118160.0,233.05,2016-12-15,22.25,3028272.0,222.31,2017-08-17,48.37,1760394,241.89,2016-12-29,18.522,4694603.0,221.21,2017-05-04,69.341,585134.0,236.43
25,2016-07-01,11.33,105636,204.66,2013-07-26,47.919,930439.0,155.26,2013-04-05,3.8351,26336949.0,141.7,2015-12-04,60.1,392000.0,201.14,2015-03-27,21.954,5730426,195.43,2015-04-10,4.84,383500.0,199.52,2017-03-24,41.2,117322.0,231.58,2017-11-03,235.62,238593,258.45,2013-10-04,17.502,219271,155.84,2016-10-14,60.297,3666729,208.9,2012-04-27,46.13,3692719.0,125.42,2016-12-23,14.9,1459563.0,222.54,2013-04-05,16.098,2390086.0,141.7,2017-03-17,126.42,13474129.0,234.72,2011-03-11,21.0,2054500.0,113.97,2010-12-10,28.74,259948.0,108.43,,,,,2017-10-27,19.35,1439208,257.71,2016-05-27,77.06,718842,203.94,2017-03-24,19.889,3479540.0,231.58,2012-03-30,31.191,840270,125.79,2017-03-24,3.93,9243362.0,231.58,,,,,2011-04-08,12.081,64818499,116.25,2011-09-09,17.5,726061.0,101.92,2011-06-17,34.09,130903.0,111.7,,,,,2016-04-08,6.7506,738908.0,198.41,2016-02-05,90.395,1400641.0,181.42,2016-02-05,35.66,6814139.0,181.42,,,,,,,,,2017-01-06,39.88,2174961.0,224.02,,,,,2015-03-20,5.4765,2323223.0,199.88,2011-03-25,56.459,56193.0,114.88,2013-03-22,45.18,238860.0,142.1,2013-07-12,10.553,2777686.0,153.8,2011-03-04,14.883,366858.0,115.4,,,,,2013-07-19,54.374,3272940.0,155.31,2016-03-18,46.624,3057826.0,198.29,2015-01-30,71.224,953016.0,188.63,,,,,2016-04-29,33.27,1603521,200.18,2016-12-16,22.324,590616.0,221.88,2017-11-03,85.54,146507,258.45,2015-11-27,89.91,142800.0,201.08,2015-07-17,85.78,404100.0,202.83,2010-08-13,23.9,603062,94.356,2013-04-05,20.61,384234.0,141.7,2017-07-07,101.59,95278.0,240.92,2011-10-14,26.357,306630,108.31,2015-05-08,7.48,1871600,201.03,2012-03-30,28.46,460054,125.79,2011-12-16,48.565,2197378.0,108.13,2016-10-28,30.91,422271,208.32,,,,,2010-12-17,62.186,11112710.0,108.27,2016-05-20,10.77,5287062,199.36,2012-01-20,3.48,338520.0,117.01,2016-04-01,14.719,1828667.0,200.77,2014-02-14,19.695,192845.0,170.69,2016-02-12,6.6583,834120.0,180.14,2016-11-18,12.42,76434,214.17,2016-09-30,38.43,232790.0,212.01,2016-03-11,14.05,729599.0,195.71,2014-01-31,26.31,322800.0,165.27,2017-03-24,25.436,455115.0,231.58,2015-04-10,33.842,91243.0,199.52,2015-03-27,13.303,120918,195.43,2016-04-29,23.91,93354,200.18,2015-04-17,9.6,270500.0,197.53,2016-03-11,11.211,3289395.0,195.71,2015-09-11,47.12,231300.0,187.79,2017-06-02,20.85,556618.0,241.78,2016-10-21,15.54,106518,209.74,2015-08-21,1.28,1210800,188.66,2017-04-21,48.326,78209.0,232.3,2016-12-16,22.67,4054678.0,221.88,2017-08-18,49.51,1372067,241.52,2016-12-30,18.362,5102225.0,220.39,2017-05-05,70.262,261294.0,237.37
29,2016-07-05,10.54,104305,203.26,2013-07-30,46.273,1355704.0,154.78,2013-04-09,4.0166,12221538.0,143.15,2015-12-08,58.99,347892.0,198.58,2015-03-31,21.442,5335143,196.1,2015-04-14,4.76,405900.0,199.0,,,,,2017-11-07,235.74,183682,258.67,2013-10-08,15.762,183324,152.67,2016-10-18,61.332,4224418,209.47,2012-05-01,46.149,2040032.0,125.74,2016-12-27,15.17,1276131.0,223.1,2013-04-09,16.0,1490726.0,143.15,,,,,,,,,2010-12-14,27.88,208764.0,108.6,2013-04-02,61.777,1733300.0,143.22,2017-10-31,18.3,920469,257.15,2016-05-31,77.64,1879278,203.58,,,,,2012-04-03,31.703,671601,126.2,,,,,2016-03-29,11.94,671654.0,199.01,2011-04-12,11.747,104808357,115.03,2011-09-13,17.99,290452.0,103.53,2011-06-21,34.91,69953.0,113.83,2012-04-10,96.692,2070215.0,121.39,2016-04-12,7.2228,811907.0,199.78,2016-02-09,91.193,1376618.0,178.99,2016-02-09,33.89,7713653.0,178.99,2013-04-02,6.3059,3409383.0,143.22,2016-03-29,13.44,4159551.0,199.01,2017-01-10,40.435,2311126.0,223.29,2016-01-05,23.666,1422381.0,194.37,,,,,,,,,,,,,2013-07-16,10.521,4491311.0,153.82,,,,,2016-03-29,10.178,24432737.0,199.01,2013-07-23,53.915,2189654.0,155.29,2016-03-22,46.52,1803921.0,198.47,2015-02-03,77.065,374577.0,193.72,2016-01-05,31.9,286505.0,194.37,2016-05-03,29.5,3350176,200.01,2016-12-20,22.766,193315.0,223.23,2017-11-07,85.57,495923,258.67,2015-12-01,89.31,272641.0,202.15,2015-07-21,83.76,593000.0,202.12,2010-08-17,23.84,601762,95.467,2013-04-09,20.6,367534.0,143.15,2017-07-11,104.52,116856.0,241.0,2011-10-18,26.031,234513,108.32,2015-05-12,7.41,2242404,199.46,2012-04-03,28.18,516031,126.2,2011-12-20,49.904,1168776.0,110.23,2016-11-01,29.497,788213,206.83,2013-04-02,3.7234,5476308.0,143.22,2010-12-21,62.226,5293011.0,109.24,2016-05-24,10.89,5156516,201.66,2012-01-24,3.46,344032.0,116.94,2016-04-05,14.126,1418993.0,198.11,2014-02-18,19.686,205295.0,170.91,2016-02-16,6.8018,696722.0,183.18,2016-11-22,12.52,18588,216.21,2016-10-04,38.02,192865.0,210.43,2016-03-15,13.72,224197.0,195.13,2014-02-04,25.56,288735.0,162.71,,,,,2015-04-14,34.279,261866.0,199.0,2015-03-31,13.487,221250,196.1,2016-05-03,23.7,98783,200.01,2015-04-21,9.57,157388.0,199.11,2016-03-15,10.807,5971534.0,195.13,2015-09-15,46.47,178600.0,189.43,2017-06-06,20.95,535485.0,240.84,2016-10-25,15.13,43377,209.93,2015-08-25,1.25,1135000,178.76,2017-04-25,49.006,30056.0,236.22,2016-12-20,22.3,2307794.0,223.23,2017-08-22,50.28,736532,244.23,2017-01-03,19.005,4327102.0,222.07,2017-05-09,71.223,188571.0,237.11
30,2016-07-06,10.76,98890,204.48,2013-07-31,46.174,609813.0,154.89,2013-04-10,4.0293,8999313.0,144.89,2015-12-09,58.78,358900.0,197.02,2015-04-01,22.44,6928129,195.39,2015-04-15,4.94,659248.0,199.9,,,,,2017-11-08,234.89,214557,259.11,2013-10-09,15.427,234491,152.77,2016-10-19,63.038,3698372,210.03,2012-05-02,46.526,1941968.0,125.36,2016-12-28,14.83,1557997.0,221.26,2013-04-10,16.074,1362234.0,144.89,,,,,,,,,2010-12-15,27.69,223615.0,108.11,2013-04-03,60.21,2774492.0,141.77,2017-11-01,17.95,766628,257.49,2016-06-01,77.66,1412841,204.0,,,,,2012-04-04,31.107,937430,124.93,,,,,,,,,2011-04-13,11.805,73832349,115.02,2011-09-14,18.49,281224.0,104.97,2011-06-22,34.86,95196.0,113.14,2012-04-11,98.202,1170508.0,122.41,2016-04-13,7.4081,602225.0,201.79,2016-02-10,92.343,1799473.0,178.83,2016-02-10,34.57,3265417.0,178.83,2013-04-03,6.3381,4041102.0,141.77,,,,,2017-01-11,40.69,2161546.0,223.91,2016-01-06,23.866,1123618.0,191.91,,,,,,,,,,,,,2013-07-17,10.573,4272670.0,154.19,,,,,,,,,2013-07-24,52.922,3041097.0,154.72,,,,,2015-02-04,77.872,203432.0,192.98,2016-01-06,31.36,165305.0,191.91,2016-05-04,30.25,1592170,198.91,2016-12-21,22.57,225506.0,222.6,2017-11-08,85.62,183282,259.11,2015-12-02,85.96,337010.0,200.09,2015-07-22,85.0,313500.0,201.76,2010-08-18,23.87,413046,95.636,2013-04-10,20.89,485187.0,144.89,2017-07-12,103.12,122151.0,242.81,2011-10-19,25.576,312126,107.07,2015-05-13,7.21,1470096,199.5,2012-04-04,27.44,447323,124.93,2011-12-21,49.796,988771.0,110.43,2016-11-02,28.601,868866,205.58,2013-04-03,3.6458,6750106.0,141.77,2010-12-22,62.348,4341787.0,109.59,2016-05-25,11.01,6274326,203.05,2012-01-25,3.53,532148.0,117.9,2016-04-06,14.001,1198325.0,200.27,2014-02-19,19.63,235548.0,169.77,2016-02-17,6.8526,626312.0,186.18,2016-11-23,12.51,16400,216.33,2016-10-05,38.39,291084.0,211.36,,,,,2014-02-05,25.59,161241.0,162.49,,,,,2015-04-15,34.26,144404.0,199.9,2015-04-01,13.465,202963,195.39,2016-05-04,23.45,149988,198.91,2015-04-22,9.5,405548.0,200.09,,,,,2015-09-16,46.96,210800.0,191.08,2017-06-07,21.6,1518142.0,241.29,2016-10-26,14.9,30340,209.5,2015-08-26,1.47,3057200,185.61,2017-04-26,48.346,32200.0,236.07,2016-12-21,22.45,1665601.0,222.6,2017-08-23,49.99,456641,243.36,2017-01-04,19.511,4477567.0,223.41,2017-05-10,71.51,255099.0,237.54
