Date,Close,Volume
2005-02-25,21.98,146247
2005-02-28,21.668,132881
2005-03-01,21.766,101654
2005-03-02,21.677,179272
2005-03-03,21.668,86829
2005-03-04,21.555,99518
2005-03-07,21.766,143440
2005-03-08,21.349,136701
2005-03-09,21.32,134566
2005-03-10,21.59,444808
2005-03-11,21.607,186910
2005-03-14,22.176,319456
2005-03-15,22.166,240378
2005-03-16,22.062,165455
2005-03-17,22.55,1027335
2005-03-18,22.489,338327
2005-03-21,22.418,273180
2005-03-22,22.435,262729
2005-03-23,22.641,284071
2005-03-24,22.641,153100
2005-03-28,22.959,167587
2005-03-29,22.506,176578
2005-03-30,22.506,129176
2005-03-31,22.48,158606
2005-04-01,22.844,151081
2005-04-04,23.101,325518
2005-04-05,23.288,172870
2005-04-06,23.352,89860
2005-04-07,23.37,67958
2005-04-08,23.344,95813
2005-04-11,23.326,229706
2005-04-12,23.138,145912
2005-04-13,22.791,127263
2005-04-14,22.035,184549
2005-04-15,21.82,346302
2005-04-18,21.883,278678
2005-04-19,22.48,381346
2005-04-20,22.738,274524
2005-04-21,23.118,226111
2005-04-22,23.227,400331
2005-04-25,23.128,266773
2005-04-26,23.173,217464
2005-04-27,22.658,95928
2005-04-28,22.443,75822
2005-04-29,23.032,156133
2005-05-02,23.023,136363
2005-05-03,22.702,108282
2005-05-04,23.128,130408
2005-05-05,23.101,72899
2005-05-06,23.138,74023
2005-05-09,23.326,152655
2005-05-10,23.138,96939
2005-05-11,23.109,169500
2005-05-12,22.72,91883
2005-05-13,22.55,92446
2005-05-16,23.37,88739
2005-05-17,23.565,227907
2005-05-18,23.637,219936
2005-05-19,23.548,177026
2005-05-20,23.699,191741
2005-05-23,24.792,338211
2005-05-24,24.659,147822
2005-05-25,24.332,111092
2005-05-26,24.393,133556
2005-05-27,24.261,68070
2005-05-31,24.482,179721
2005-06-01,24.297,126141
2005-06-02,24.429,220044
2005-06-03,24.393,199942
2005-06-06,24.463,110866
2005-06-07,24.572,141983
2005-06-08,24.251,184886
2005-06-09,25.006,271719
2005-06-10,25.06,416393
2005-06-13,25.509,268907
2005-06-14,25.15,922645
2005-06-15,25.313,417179
2005-06-16,25.332,282840
2005-06-17,25.322,294855
2005-06-20,24.716,188483
2005-06-21,25.033,116820
2005-06-22,25.426,163322
2005-06-23,24.792,125354
2005-06-24,24.725,473117
2005-06-27,24.527,122771
2005-06-28,25.285,145011
2005-06-29,25.516,138722
2005-06-30,25.015,160403
2005-07-01,24.929,111201
2005-07-05,25.37,182643
2005-07-06,25.143,128836
2005-07-07,24.802,141983
2005-07-08,25.354,159949
2005-07-11,25.985,151528
2005-07-12,26.088,216116
2005-07-13,26.119,123335
2005-07-14,25.712,86492
2005-07-15,25.826,206455
2005-07-18,25.817,67171
2005-07-19,25.747,91545
2005-07-20,25.918,82444
2005-07-21,25.675,111201
2005-07-22,26.209,115807
2005-07-25,25.737,152428
2005-07-26,25.685,97385
2005-07-27,25.462,127491
2005-07-28,25.548,161975
2005-07-29,25.295,161414
2005-08-01,25.594,165906
2005-08-02,26.291,128276
2005-08-03,25.994,90760
2005-08-04,25.918,168263
2005-08-05,25.747,176127
2005-08-08,25.567,108282
2005-08-09,25.747,119400
2005-08-10,25.729,114124
2005-08-11,25.322,91321
2005-08-12,25.454,82226
2005-08-15,25.722,93565
2005-08-16,24.929,109963
2005-08-17,24.904,44934
2005-08-18,24.847,85258
2005-08-19,24.856,46392
2005-08-22,25.025,74582
2005-08-23,25.143,62567
2005-08-24,25.033,100311
2005-08-25,25.175,32799
2005-08-26,24.491,91321
2005-08-29,25.175,86715
2005-08-30,25.069,138835
2005-08-31,25.548,143104
2005-09-01,25.444,161750
2005-09-02,25.304,76832
2005-09-06,25.844,99409
2005-09-07,25.685,77729
2005-09-08,25.8,76832
2005-09-09,25.807,107606
2005-09-12,25.807,165343
2005-09-13,25.576,64924
2005-09-14,25.025,82106
2005-09-15,24.929,87165
2005-09-16,24.837,239142
2005-09-19,24.472,75147
2005-09-20,23.932,262391
2005-09-21,24.214,177924
2005-09-22,24.438,193990
2005-09-23,24.973,162759
2005-09-26,24.929,129064
2005-09-27,24.929,152655
2005-09-28,24.752,167926
2005-09-29,25.228,156355
2005-09-30,25.594,237683
2005-10-03,25.791,254305
2005-10-04,25.354,191625
2005-10-05,25.248,277782
2005-10-06,25.772,394487
2005-10-07,26.787,964763
2005-10-10,26.885,398868
2005-10-11,28.497,812003
2005-10-12,28.372,614536
2005-10-13,28.134,581624
2005-10-14,28.294,265650
2005-10-17,28.196,352253
2005-10-18,27.983,243407
2005-10-19,28.881,283174
2005-10-20,28.229,269021
2005-10-21,28.932,327542
2005-10-24,29.777,524785
2005-10-25,29.777,395724
2005-10-26,29.556,420101
2005-10-27,28.399,273180
2005-10-28,28.711,176578
2005-10-31,29.826,440881
2005-11-01,29.975,277557
2005-11-02,30.438,313167
2005-11-03,30.643,296876
2005-11-04,30.555,477386
2005-11-07,30.624,418637
2005-11-08,30.598,352253
2005-11-09,30.624,155346
2005-11-10,31.159,230604
2005-11-11,31.028,266548
2005-11-14,31.169,658566
2005-11-15,30.766,227571
2005-11-16,30.572,171294
2005-11-17,31.089,267782
2005-11-18,31.266,322377
2005-11-21,31.054,566796
2005-11-22,31.941,251724
2005-11-23,32.938,318107
2005-11-25,32.983,64477
2005-11-28,32.674,485473
2005-11-29,33.057,256667
2005-11-30,33.171,437399
2005-12-01,33.875,262956
2005-12-02,34.231,85258
2005-12-05,33.93,126368
2005-12-06,33.171,228473
2005-12-07,33.357,449417
2005-12-08,33.117,264076
2005-12-09,32.352,511982
2005-12-12,32.173,317994
2005-12-13,31.873,435485
2005-12-14,31.791,266548
2005-12-15,31.692,244868
2005-12-16,31.435,365285
2005-12-19,29.816,682267
2005-12-20,29.406,487608
2005-12-21,29.6,321252
2005-12-22,29.896,168716
2005-12-23,29.92,259923
2005-12-27,29.709,205442
2005-12-28,29.609,186012
2005-12-29,29.628,192976
2005-12-30,29.406,131533
2006-01-03,29.379,385725
2006-01-04,30.058,330014
2006-01-05,30.058,563092
2006-01-06,30.179,411000
2006-01-09,30.227,346078
2006-01-10,30.208,215889
2006-01-11,30.329,160736
2006-01-12,30.135,175115
2006-01-13,30.04,152428
2006-01-17,29.797,256667
2006-01-18,29.878,163548
2006-01-19,30.311,166918
2006-01-20,29.414,289575
2006-01-23,29.068,281376
2006-01-24,29.992,313167
2006-01-25,29.937,327203
2006-01-26,29.984,498502
2006-01-27,28.907,295642
2006-01-30,27.795,765389
2006-01-31,27.055,1433054
2006-02-01,27.233,1269395
2006-02-02,26.976,310468
2006-02-03,27.242,1331961
2006-02-06,27.455,474241
2006-02-07,28.008,935336
2006-02-08,28.256,520183
2006-02-09,27.749,245768
2006-02-10,27.608,135016
2006-02-13,27.438,155796
2006-02-14,27.322,196909
2006-02-15,27.242,248353
2006-02-16,27.145,294294
2006-02-17,27.108,414593
2006-02-21,27.171,176241
2006-02-22,28.078,233077
2006-02-23,27.918,302157
2006-02-24,27.918,279581
2006-02-27,28.229,143777
2006-02-28,29.414,874682
2006-03-01,29.574,410775
2006-03-02,29.826,245097
2006-03-03,29.843,244646
2006-03-06,29.984,209372
2006-03-07,29.896,419200
2006-03-08,29.777,668788
2006-03-09,30.278,445821
2006-03-10,31.409,406619
2006-03-13,33.199,1487531
2006-03-14,33.433,673620
2006-03-15,32.761,882656
2006-03-16,33.126,369777
2006-03-17,33.752,827618
2006-03-20,33.857,508388
2006-03-21,33.339,652503
2006-03-22,33.902,334730
2006-03-23,33.633,231057
2006-03-24,34.072,238692
2006-03-27,33.875,248579
2006-03-28,33.715,300587
2006-03-29,33.829,300807
2006-03-30,33.802,327877
2006-03-31,34.026,576006
2006-04-03,34.374,901640
2006-04-04,34.408,351241
2006-04-05,34.57,304851
2006-04-06,34.276,298339
2006-04-07,33.793,212857
2006-04-10,33.946,255203
2006-04-11,34.017,397183
2006-04-12,34.035,319789
2006-04-13,34.186,370336
2006-04-17,34.436,496030
2006-04-18,34.791,358320
2006-04-19,34.328,356635
2006-04-20,34.515,130860
2006-04-21,34.496,136813
2006-04-24,34.196,157817
2006-04-25,33.625,281712
2006-04-26,33.313,223307
2006-04-27,33.377,332487
2006-04-28,33.473,243301
2006-05-01,34.044,280814
2006-05-02,34.123,142992
2006-05-03,34.283,276096
2006-05-04,34.684,253853
2006-05-05,35.21,428523
2006-05-08,35.379,197918
2006-05-09,35.505,226896
2006-05-10,34.909,457616
2006-05-11,34.142,207017
2006-05-12,33.633,279916
2006-05-15,33.599,227009
2006-05-16,33.357,207242
2006-05-17,33.218,260933
2006-05-18,33.519,314849
2006-05-19,33.902,203084
2006-05-22,33.012,287104
2006-05-23,32.229,367531
2006-05-24,31.844,645200
2006-05-25,31.854,262391
2006-05-26,32.173,241165
2006-05-30,31.719,224652
2006-05-31,32.003,298900
2006-06-01,31.96,411562
2006-06-02,31.96,182643
2006-06-05,31.381,275983
2006-06-06,31.506,325969
2006-06-07,32.477,686649
2006-06-08,31.56,902765
2006-06-09,31.409,298900
2006-06-12,30.943,145127
2006-06-13,30.732,303841
2006-06-14,30.803,251388
2006-06-15,30.803,395837
2006-06-16,30.74,727083
2006-06-19,30.189,421444
2006-06-20,30.049,472442
2006-06-21,30.125,639360
2006-06-22,30.218,361467
2006-06-23,30.508,252173
2006-06-26,31.214,386290
2006-06-27,31.248,299576
2006-06-28,31.669,367756
2006-06-29,32.003,564550
2006-06-30,33.031,849071
2006-07-03,32.938,184441
2006-07-05,32.281,208478
2006-07-06,32.36,174104
2006-07-07,31.56,401005
2006-07-10,31.873,285982
2006-07-11,32.103,187134
2006-07-12,32.032,246893
2006-07-13,31.764,333159
2006-07-14,31.435,335631
2006-07-17,31.692,187809
2006-07-18,31.604,160852
2006-07-19,32.032,233301
2006-07-20,31.473,446832
2006-07-21,31.309,766623
2006-07-24,31.514,295528
2006-07-25,31.418,374830
2006-07-26,31.169,191065
2006-07-27,30.933,219036
2006-07-28,31.103,148045
2006-07-31,30.774,150626
2006-08-01,30.724,283626
2006-08-02,31.028,184212
2006-08-03,31.899,271045
2006-08-04,32.323,278232
2006-08-07,32.119,175567
2006-08-08,32.137,333048
2006-08-09,31.622,139395
2006-08-10,31.418,246106
2006-08-11,32.734,934888
2006-08-14,32.761,270144
2006-08-15,32.796,235548
2006-08-16,32.674,282275
2006-08-17,33.218,338664
2006-08-18,33.303,147596
2006-08-21,33.171,148158
2006-08-22,33.323,250376
2006-08-23,32.584,216562
2006-08-24,32.708,174667
2006-08-25,32.744,306652
2006-08-28,33.161,167702
2006-08-29,33.49,146138
2006-08-30,33.464,231057
2006-08-31,33.49,180171
2006-09-01,33.936,116368
2006-09-05,34.132,88288
2006-09-06,33.812,367194
2006-09-07,33.911,434253
2006-09-08,34.132,157591
2006-09-11,34.496,299350
2006-09-12,35.344,306423
2006-09-13,35.424,281153
2006-09-14,35.388,140070
2006-09-15,35.717,575782
2006-09-18,35.327,310690
2006-09-19,35.004,253853
2006-09-20,36.243,267338
2006-09-21,36.626,365842
2006-09-22,35.96,221173
2006-09-25,36.01,122326
2006-09-26,35.867,172197
2006-09-27,35.867,238692
2006-09-28,35.969,317208
2006-09-29,35.629,247339
2006-10-02,35.344,556349
2006-10-03,35.191,340684
2006-10-04,35.362,389207
2006-10-05,35.61,472105
2006-10-06,35.539,217349
2006-10-09,35.601,208251
2006-10-10,35.22,241051
2006-10-11,34.721,443574
2006-10-12,35.076,374380
2006-10-13,35.076,304851
2006-10-16,35.191,464356
2006-10-17,34.75,325969
2006-10-18,34.759,272837
2006-10-19,35.166,280927
2006-10-20,35.049,221953
2006-10-23,34.928,457842
2006-10-24,35.085,422457
2006-10-25,34.928,432119
2006-10-26,35.619,795266
2006-10-27,35.522,530742
2006-10-30,35.272,309232
2006-10-31,34.408,755279
2006-11-01,34.657,583757
2006-11-02,34.57,638684
2006-11-03,34.889,490975
2006-11-06,35.807,472555
2006-11-07,35.406,189494
2006-11-08,35.639,240827
2006-11-09,36.128,401565
2006-11-10,36.582,366069
2006-11-13,36.509,220721
2006-11-14,37.104,212857
2006-11-15,37.346,249924
2006-11-16,37.48,194997
2006-11-17,37.419,130636
2006-11-20,37.249,162426
2006-11-21,37.461,161862
2006-11-22,37.837,271602
2006-11-24,38.228,173994
2006-11-27,37.053,269807
2006-11-28,37.132,279467
2006-11-29,38.014,451211
2006-11-30,39.192,788865
2006-12-01,39.155,358768
2006-12-04,40.648,592854
2006-12-05,40.969,371238
2006-12-06,41.397,564997
2006-12-07,42.003,616108
2006-12-08,41.646,347987
2006-12-11,40.526,858396
2006-12-12,40.401,281376
2006-12-13,40.294,358432
2006-12-14,40.588,179384
2006-12-15,39.882,535010
2006-12-18,39.697,249699
2006-12-19,40.115,658679
2006-12-20,40.864,562304
2006-12-21,40.143,377640
2006-12-22,40.284,354949
2006-12-26,40.535,222180
2006-12-27,40.419,213532
2006-12-28,40.195,305303
2006-12-29,39.901,327877
2007-01-03,40.017,469634
2007-01-04,40.134,232515
2007-01-05,39.42,234648
2007-01-08,39.438,227124
2007-01-09,39.705,230043
2007-01-10,39.741,259808
2007-01-11,39.616,240714
2007-01-12,39.599,245205
2007-01-16,39.688,287556
2007-01-17,39.395,209936
2007-01-18,38.622,461549
2007-01-19,38.426,329900
2007-01-22,38.827,242621
2007-01-23,39.813,434476
2007-01-24,40.152,801332
2007-01-25,40.134,194885
2007-01-26,40.24,238469
2007-01-29,40.9,448182
2007-01-30,40.828,331360
2007-01-31,41.174,276096
2007-02-01,42.074,397297
2007-02-02,42.065,559157
2007-02-05,41.451,204319
2007-02-06,41.727,253630
2007-02-07,41.984,190059
2007-02-08,42.199,179611
2007-02-09,41.573,266436
2007-02-12,41.684,232715
2007-02-13,42.732,435971
2007-02-14,42.973,266548
2007-02-15,43.544,252958
2007-02-16,43.808,347197
2007-02-20,43.935,253522
2007-02-21,47.494,1130674
2007-02-22,47.112,525686
2007-02-23,47.07,426727
2007-02-26,46.507,359909
2007-02-27,45.538,630483
2007-02-28,46.26,514679
2007-03-01,46.107,346130
2007-03-02,46.116,434476
2007-03-05,46.383,593754
2007-03-06,47.975,2078028
2007-03-07,47.577,235322
2007-03-08,49.479,682157
2007-03-09,48.964,991949
2007-03-12,51.931,1636252
2007-03-13,49.339,1141229
2007-03-14,49.579,705294
2007-03-15,49.125,554327
2007-03-16,48.244,771456
2007-03-19,48.385,610264
2007-03-20,48.573,440881
2007-03-21,49.017,331584
2007-03-22,48.554,372473
2007-03-23,48.904,264525
2007-03-26,49.374,518383
2007-03-27,48.76,289352
2007-03-28,48.536,267338
2007-03-29,47.958,253294
2007-03-30,48.368,342033
2007-04-02,50.363,837951
2007-04-03,49.855,427402
2007-04-04,49.686,413920
2007-04-05,49.694,206005
2007-04-09,49.205,196794
2007-04-10,49.392,179049
2007-04-11,48.982,142540
2007-04-12,50.38,530289
2007-04-13,50.728,460312
2007-04-16,51.138,279692
2007-04-17,51.02,133890
2007-04-18,50.798,322802
2007-04-19,50.389,562191
2007-04-20,50.478,304400
2007-04-23,51.448,338664
2007-04-24,52.215,446946
2007-04-25,52.035,307773
2007-04-26,52.215,261046
2007-04-27,51.608,283735
2007-04-30,50.765,299350
2007-05-01,51.171,444808
2007-05-02,52.606,327318
2007-05-03,52.712,333048
2007-05-04,52.865,190954
2007-05-07,52.829,110752
2007-05-08,52.989,164445
2007-05-09,53.148,224318
2007-05-10,52.241,259699
2007-05-11,52.524,299013
2007-05-14,52.295,279130
2007-05-15,51.562,260370
2007-05-16,50.748,544779
2007-05-17,50.246,498839
2007-05-18,50.389,337313
2007-05-21,50.664,378878
2007-05-22,52.328,332487
2007-05-23,52.017,386964
2007-05-24,51.217,348097
2007-05-25,51.689,470477
2007-05-29,52.215,292723
2007-05-30,53.273,553991
2007-05-31,53.372,474356
2007-06-01,53.121,1545830
2007-06-04,53.319,384268
2007-06-05,52.925,368207
2007-06-06,52.907,241725
2007-06-07,52.364,491200
2007-06-08,53.568,1314998
2007-06-11,54.876,767299
2007-06-12,55.151,865472
2007-06-13,55.953,631272
2007-06-14,56.159,276545
2007-06-15,56.889,371575
2007-06-18,56.532,302157
2007-06-19,56.515,240601
2007-06-20,56.397,270707
2007-06-21,56.042,229594
2007-06-22,55.054,395163
2007-06-25,54.04,401451
2007-06-26,53.754,323273
2007-06-27,53.958,382472
2007-06-28,54.191,251609
2007-06-29,54.191,463119
2007-07-02,53.665,315412
2007-07-03,54.359,146810
2007-07-05,56.443,507487
2007-07-06,56.924,392333
2007-07-09,56.55,204434
2007-07-10,55.035,259473
2007-07-11,55.374,222630
2007-07-12,55.757,152875
2007-07-13,55.57,159725
2007-07-16,55.187,207916
2007-07-17,55.151,136475
2007-07-18,54.546,229817
2007-07-19,55.357,177362
2007-07-20,54.386,435150
2007-07-23,54.306,202636
2007-07-24,50.603,725289
2007-07-25,51.394,539166
2007-07-26,49.186,1198406
2007-07-27,47.502,741461
2007-07-30,47.569,332374
2007-07-31,47.673,391345
2007-08-01,48.18,498727
2007-08-02,48.52,477611
2007-08-03,46.338,467724
2007-08-06,45.37,910849
2007-08-07,45.296,451211
2007-08-08,47.362,814024
2007-08-09,44.682,821661
2007-08-10,44.933,642168
2007-08-13,45.485,559611
2007-08-14,46.685,597462
2007-08-15,45.965,669687
2007-08-16,45.493,662048
2007-08-17,47.05,655644
2007-08-20,48.554,284182
2007-08-21,49.747,258238
2007-08-22,50.916,556574
2007-08-23,51.608,577917
2007-08-24,51.492,518611
2007-08-27,50.646,257562
2007-08-28,49.811,353829
2007-08-29,49.897,453009
2007-08-30,50.719,346524
2007-08-31,50.907,210160
2007-09-04,51.102,163322
2007-09-05,50.371,172645
2007-09-06,50.577,102893
2007-09-07,48.432,627118
2007-09-10,48.484,224989
2007-09-11,50.16,590384
2007-09-12,49.97,150406
2007-09-13,51.279,351019
2007-09-14,51.672,270707
2007-09-17,50.309,1351506
2007-09-18,52.524,357421
2007-09-19,52.696,281376
2007-09-20,52.269,228582
2007-09-21,51.991,308450
2007-09-24,51.759,262619
2007-09-25,53.46,325858
2007-09-26,53.629,648572
2007-09-27,54.335,649806
2007-09-28,55.454,495918
2007-10-01,57.504,360791
2007-10-02,58.177,279804
2007-10-03,58.446,331811
2007-10-04,58.401,150290
2007-10-05,58.668,413586
2007-10-08,57.796,286095
2007-10-09,57.412,321478
2007-10-10,57.145,302829
2007-10-11,57.058,389884
2007-10-12,57.352,311706
2007-10-15,56.507,455480
2007-10-16,55.731,297662
2007-10-17,56.248,284071
2007-10-18,56.346,153324
2007-10-19,54.716,558373
2007-10-22,54.404,379774
2007-10-23,54.2,222293
2007-10-24,53.933,304738
2007-10-25,53.977,233751
2007-10-26,54.635,142657
2007-10-29,53.594,191854
2007-10-30,53.879,206119
2007-10-31,54.031,227684
2007-11-01,51.484,386175
2007-11-02,50.664,389771
2007-11-05,49.704,586177
2007-11-06,49.839,382355
2007-11-07,48.715,668922
2007-11-08,47.228,772579
2007-11-09,46.391,494907
2007-11-12,46.223,402576
2007-11-13,47.604,209267
2007-11-14,46.036,378818
2007-11-15,45.663,421222
2007-11-16,45.581,594430
2007-11-19,44.54,360342
2007-11-20,43.498,516700
2007-11-21,44.433,445487
2007-11-23,45.171,131760
2007-11-26,44.756,446832
2007-11-27,45.875,312770
2007-11-28,47.55,614982
2007-11-29,48.964,663339
2007-11-30,49.421,564007
2007-12-03,48.077,350233
2007-12-04,47.282,428523
2007-12-05,47.502,335183
2007-12-06,48.324,465957
2007-12-07,47.487,404260
2007-12-10,45.493,1039913
2007-12-11,43.739,580500
2007-12-12,43.302,535931
2007-12-13,42.476,392821
2007-12-14,41.542,562667
2007-12-17,41.041,541781
2007-12-18,41.693,521257
2007-12-19,41.327,385971
2007-12-20,41.843,280264
2007-12-21,43.676,684853
2007-12-24,45.485,376183
2007-12-26,45.403,340661
2007-12-27,46.204,685413
2007-12-28,47.228,731030
2007-12-31,47.907,567360
2008-01-02,46.356,621950
2008-01-03,46.632,391790
2008-01-04,46.489,569042
2008-01-07,45.999,1283547
2008-01-08,45.519,605437
2008-01-09,46.623,833234
2008-01-10,46.883,451776
2008-01-11,44.45,1566671
2008-01-14,44.068,827950
2008-01-15,41.121,1789238
2008-01-16,39.705,978584
2008-01-17,37.215,2282911
2008-01-18,37.888,1324605
2008-01-22,39.713,1463534
2008-01-23,41.557,932622
2008-01-24,41.405,749437
2008-01-25,40.766,691750
2008-01-28,40.621,550513
2008-01-29,41.202,304065
2008-01-30,41.059,570020
2008-01-31,41.949,843569
2008-02-01,43.935,524114
2008-02-04,44.122,582409
2008-02-05,42.795,323668
2008-02-06,41.843,298808
2008-02-07,41.024,794611
2008-02-08,40.928,406918
2008-02-11,41.237,490489
2008-02-12,41.949,437399
2008-02-13,43.723,526472
2008-02-14,43.098,332595
2008-02-15,42.384,351131
2008-02-19,41.344,369973
2008-02-20,41.932,460875
2008-02-21,40.686,557583
2008-02-22,41.21,917169
2008-02-25,40.348,942867
2008-02-26,41.183,704968
2008-02-27,41.139,439649
2008-02-28,40.873,417403
2008-02-29,40.284,505995
2008-03-03,40.062,549160
2008-03-04,38.193,837517
2008-03-05,36.944,940839
2008-03-06,36.01,1037881
2008-03-07,37.053,1063987
2008-03-10,35.61,2009097
2008-03-11,37.187,956165
2008-03-12,36.715,725485
2008-03-13,37.264,1057225
2008-03-14,36.404,776287
2008-03-17,35.895,884631
2008-03-18,37.971,984090
2008-03-19,37.641,730682
2008-03-20,39.947,1380584
2008-03-24,41.761,654917
2008-03-25,42.164,471700
2008-03-26,41.078,497362
2008-03-27,40.677,327431
2008-03-28,41.46,530852
2008-03-31,42.991,926127
2008-04-01,43.792,415273
2008-04-02,44.023,340784
2008-04-03,43.356,410861
2008-04-04,43.715,290488
2008-04-07,43.756,481877
2008-04-08,42.368,973521
2008-04-09,41.761,970956
2008-04-10,41.3,488297
2008-04-11,41.317,544753
2008-04-14,40.303,454154
2008-04-15,40.79,476499
2008-04-16,41.549,619165
2008-04-17,41.994,492284
2008-04-18,42.199,557521
2008-04-21,43.054,832918
2008-04-22,42.412,474035
2008-04-23,41.095,579592
2008-04-24,42.03,432188
2008-04-25,42.759,434449
2008-04-28,42.777,357445
2008-04-29,43.045,330802
2008-04-30,43.47,453632
2008-05-01,44.274,350910
2008-05-02,43.782,307381
2008-05-05,43.417,274337
2008-05-06,43.527,182482
2008-05-07,42.553,341144
2008-05-08,42.751,416819
2008-05-09,42.288,585937
2008-05-12,43.676,751731
2008-05-13,44.486,421950
2008-05-14,44.86,565308
2008-05-15,44.841,352586
2008-05-16,44.504,327424
2008-05-19,44.399,278769
2008-05-20,44.604,408785
2008-05-21,43.106,452363
2008-05-22,43.597,336854
2008-05-23,42.306,386569
2008-05-27,43.283,383705
2008-05-28,43.988,256654
2008-05-29,44.644,379066
2008-05-30,44.328,483670
2008-06-02,42.512,726200
2008-06-03,42.278,546097
2008-06-04,43.715,812627
2008-06-05,41.46,2333980
2008-06-06,39.395,1530111
2008-06-09,38.996,1073638
2008-06-10,39.199,1229414
2008-06-11,38.858,1049941
2008-06-12,38.175,888508
2008-06-13,38.904,567691
2008-06-16,38.835,576513
2008-06-17,38.726,401781
2008-06-18,38.8,564210
2008-06-19,38.398,674430
2008-06-20,38.317,506835
2008-06-23,38.06,394739
2008-06-24,38.014,927289
2008-06-25,38.781,486555
2008-06-26,37.998,522789
2008-06-27,37.684,485120
2008-06-30,38.131,734769
2008-07-01,37.035,704466
2008-07-02,35.992,498651
2008-07-03,36.063,314124
2008-07-07,34.588,1104735
2008-07-08,34.017,1592149
2008-07-09,33.227,1665418
2008-07-10,32.425,1005868
2008-07-11,32.316,1432200
2008-07-14,30.926,1020846
2008-07-15,29.835,2911596
2008-07-16,31.844,1487440
2008-07-17,33.075,799594
2008-07-18,32.853,790961
2008-07-21,33.651,676045
2008-07-22,35.619,545929
2008-07-23,37.206,595997
2008-07-24,33.99,861966
2008-07-25,35.415,513809
2008-07-28,34.853,349099
2008-07-29,36.083,307109
2008-07-30,35.832,294525
2008-07-31,35.95,279490
2008-08-01,36.723,356247
2008-08-04,36.297,320611
2008-08-05,36.499,443559
2008-08-06,37.081,279485
2008-08-07,35.736,255166
2008-08-08,38.22,525197
2008-08-11,40.195,757550
2008-08-12,39.287,363916
2008-08-13,39.626,418176
2008-08-14,39.528,548713
2008-08-15,39.493,650554
2008-08-18,38.967,741952
2008-08-19,38.596,456912
2008-08-20,39.155,299767
2008-08-21,38.904,399663
2008-08-22,39.126,471861
2008-08-25,37.534,382867
2008-08-26,37.551,299889
2008-08-27,37.674,272501
2008-08-28,39.404,264558
2008-08-29,39.165,190915
2008-09-02,38.745,265027
2008-09-03,40.722,458961
2008-09-04,39.873,307548
2008-09-05,38.639,495149
2008-09-08,40.062,325945
2008-09-09,39.054,350243
2008-09-10,39.145,562319
2008-09-11,39.165,345042
2008-09-12,37.089,728280
2008-09-15,36.404,755884
2008-09-16,35.3,1044757
2008-09-17,34.035,776565
2008-09-18,36.146,915738
2008-09-19,37.394,1181370
2008-09-22,36.652,405567
2008-09-23,35.69,393344
2008-09-24,35.969,645114
2008-09-25,33.893,1000321
2008-09-26,32.699,616435
2008-09-29,33.284,520470
2008-09-30,31.113,1083887
2008-10-01,30.227,321923
2008-10-02,27.472,643834
2008-10-03,26.709,492606
2008-10-06,24.996,713289
2008-10-07,26.04,717080
2008-10-08,24.01,915825
2008-10-09,21.429,528415
2008-10-10,23.279,1226344
2008-10-13,25.594,688109
2008-10-14,25.586,844033
2008-10-15,22.053,660886
2008-10-16,21.312,1045884
2008-10-17,22.044,763229
2008-10-20,21.677,637480
2008-10-21,21.205,641879
2008-10-22,20.939,616134
2008-10-23,22.418,556315
2008-10-24,21.847,488646
2008-10-27,21.812,476346
2008-10-28,24.339,671768
2008-10-29,27.955,416006
2008-10-30,29.904,344348
2008-10-31,29.609,410916
2008-11-03,27.847,323090
2008-11-04,27.472,204634
2008-11-05,26.379,317323
2008-11-06,23.246,954567
2008-11-07,21.971,995587
2008-11-10,22.025,409278
2008-11-11,22.176,453284
2008-11-12,20.183,700756
2008-11-13,24.064,579083
2008-11-14,19.905,459209
2008-11-17,18.144,407016
2008-11-18,17.307,417585
2008-11-19,15.204,306297
2008-11-20,14.021,669061
2008-11-21,14.743,459228
2008-11-24,16.96,362741
2008-11-25,17.502,400948
2008-11-26,18.857,413080
2008-11-28,19.365,59389
2008-12-01,16.203,376045
2008-12-02,18.197,343978
2008-12-03,18.783,406572
2008-12-04,18.187,375855
2008-12-05,19.365,320153
2008-12-08,19.951,985446
2008-12-09,17.991,780536
2008-12-10,18.436,225519
2008-12-11,17.262,537084
2008-12-12,17.511,541777
2008-12-15,18.072,743981
2008-12-16,21.136,435451
2008-12-17,21.597,355821
2008-12-18,21.205,347586
2008-12-19,21.597,529941
2008-12-22,21.329,252502
2008-12-23,21.412,219727
2008-12-24,22.025,113362
2008-12-26,22.185,118457
2008-12-29,22.176,182548
2008-12-30,22.418,203195
2008-12-31,23.681,241562
2009-01-02,23.504,295613
2009-01-05,25.747,813979
2009-01-06,26.743,350228
2009-01-07,25.248,452604
2009-01-08,25.462,415264
2009-01-09,24.01,937758
2009-01-12,22.587,319531
2009-01-13,23.076,278514
2009-01-14,21.161,293571
2009-01-15,21.456,376792
2009-01-16,21.847,448254
2009-01-20,20.023,370608
2009-01-21,20.779,309241
2009-01-22,21.144,306232
2009-01-23,20.671,247495
2009-01-26,20.601,287681
2009-01-27,21.616,251567
2009-01-28,22.977,477716
2009-01-29,21.375,242158
2009-01-30,20.761,304869
2009-02-02,21.607,298901
2009-02-03,21.526,302696
2009-02-04,21.902,302392
2009-02-05,21.018,611770
2009-02-06,22.658,345420
2009-02-09,23.193,296608
2009-02-10,20.858,467195
2009-02-11,20.503,213990
2009-02-12,20.849,266239
2009-02-13,19.479,340652
2009-02-17,18.839,351354
2009-02-18,18.81,209954
2009-02-19,17.831,303116
2009-02-20,18.187,205571
2009-02-23,16.925,504443
2009-02-24,18.092,261922
2009-02-25,17.155,287058
2009-02-26,16.925,416639
2009-02-27,16.808,362697
2009-03-02,15.589,914478
2009-03-03,15.829,683913
2009-03-04,15.802,682848
2009-03-05,15.171,604081
2009-03-06,14.315,581934
2009-03-09,13.176,949437
2009-03-10,14.7,928670
2009-03-11,16.522,1124935
2009-03-12,19.238,1326581
2009-03-13,18.481,1154008
2009-03-16,17.425,367059
2009-03-17,17.379,500141
2009-03-18,18.339,375180
2009-03-19,17.894,216397
2009-03-20,18.045,513533
2009-03-23,19.755,389835
2009-03-24,19.881,455217
2009-03-25,20.609,502127
2009-03-26,20.966,425237
2009-03-27,19.407,339114
2009-03-30,17.932,461399
2009-03-31,18.187,495935
2009-04-01,19.407,494662
2009-04-02,20.77,703412
2009-04-03,22.621,977112
2009-04-06,21.633,451697
2009-04-07,20.416,408615
2009-04-08,22.025,385777
2009-04-09,23.306,600709
2009-04-13,23.059,247238
2009-04-14,21.847,287162
2009-04-15,22.096,194804
2009-04-16,22.799,249280
2009-04-17,23.797,546351
2009-04-20,21.677,500754
2009-04-21,22.166,596044
2009-04-22,22.996,568517
2009-04-23,22.925,393576
2009-04-24,24.171,637097
2009-04-27,24.725,1010148
2009-04-28,24.964,511593
2009-04-29,25.313,542374
2009-04-30,25.994,527479
2009-05-01,25.347,261650
2009-05-04,26.182,387702
2009-05-05,26.985,420615
2009-05-06,26.343,383558
2009-05-07,24.101,448869
2009-05-08,24.42,456643
2009-05-11,23.932,284484
2009-05-12,23.976,367640
2009-05-13,21.32,487483
2009-05-14,22.062,439651
2009-05-15,23.352,479524
2009-05-18,25.079,374458
2009-05-19,24.956,180164
2009-05-20,23.504,756091
2009-05-21,22.853,543003
2009-05-22,22.54,318299
2009-05-26,24.555,410128
2009-05-27,24.322,332355
2009-05-28,24.187,560097
2009-05-29,24.472,472449
2009-06-01,25.621,608138
2009-06-02,26.192,760294
2009-06-03,25.722,601395
2009-06-04,25.482,747807
2009-06-05,26.709,873071
2009-06-08,27.217,330398
2009-06-09,26.777,268055
2009-06-10,25.807,370125
2009-06-11,25.378,264484
2009-06-12,25.747,333512
2009-06-15,24.01,466431
2009-06-16,23.913,306015
2009-06-17,24.222,271318
2009-06-18,24.261,243902
2009-06-19,25.015,482531
2009-06-22,23.494,322473
2009-06-23,22.915,414766
2009-06-24,22.746,418635
2009-06-25,23.202,413031
2009-06-26,24.101,1146612
2009-06-29,24.339,310897
2009-06-30,23.876,291918
2009-07-01,24.545,444426
2009-07-02,23.904,254733
2009-07-06,22.621,435622
2009-07-07,22.302,278807
2009-07-08,22.079,205883
2009-07-09,22.016,169940
2009-07-10,22.631,195690
2009-07-13,23.37,211956
2009-07-14,24.093,286257
2009-07-15,25.533,358023
2009-07-16,25.685,196282
2009-07-17,25.675,142475
2009-07-20,25.817,246906
2009-07-21,25.567,206850
2009-07-22,25.817,208962
2009-07-23,26.128,584639
2009-07-24,25.817,222355
2009-07-27,25.994,229059
2009-07-28,25.89,254883
2009-07-29,25.613,121561
2009-07-30,25.8,217139
2009-07-31,25.472,217809
2009-08-03,25.755,220750
2009-08-04,25.755,521204
2009-08-05,26.04,455438
2009-08-06,26.103,509148
2009-08-07,28.008,510389
2009-08-10,27.884,240410
2009-08-11,27.855,311347
2009-08-12,28.391,339047
2009-08-13,28.524,157109
2009-08-14,27.331,141688
2009-08-17,26.012,304656
2009-08-18,26.412,272072
2009-08-19,26.734,234832
2009-08-20,27.162,161862
2009-08-21,28.275,259838
2009-08-24,27.582,131186
2009-08-25,28.035,131857
2009-08-26,28.346,190536
2009-08-27,29.014,212255
2009-08-28,30.278,411102
2009-08-31,29.487,1070198
2009-09-01,27.511,418604
2009-09-02,27.553,545957
2009-09-03,27.892,268065
2009-09-04,28.399,136773
2009-09-08,28.647,206080
2009-09-09,29.201,294502
2009-09-10,29.112,123918
2009-09-11,29.112,127857
2009-09-14,29.638,197364
2009-09-15,30.545,446218
2009-09-16,30.961,320376
2009-09-17,30.438,226560
2009-09-18,31.747,454244
2009-09-21,31.482,205341
2009-09-22,31.908,147744
2009-09-23,31.827,1034067
2009-09-24,33.049,958640
2009-09-25,31.941,457510
2009-09-28,30.715,787139
2009-09-29,30.624,308840
2009-09-30,29.861,412796
2009-10-01,28.355,438611
2009-10-02,27.973,306503
2009-10-05,28.363,444302
2009-10-06,29.165,468494
2009-10-07,30.616,807184
2009-10-08,30.961,399016
2009-10-09,32.061,526025
2009-10-12,32.407,461234
2009-10-13,32.003,338708
2009-10-14,32.761,363646
2009-10-15,33.1,289254
2009-10-16,32.974,645734
2009-10-19,33.331,293546
2009-10-20,33.573,418071
2009-10-21,32.618,785125
2009-10-22,32.947,401709
2009-10-23,32.924,540781
2009-10-26,32.601,492139
2009-10-27,31.709,532375
2009-10-28,30.572,457468
2009-10-29,31.978,430661
2009-10-30,30.662,918241
2009-11-02,30.357,677913
2009-11-03,30.933,346256
2009-11-04,30.943,614711
2009-11-05,32.451,411953
2009-11-06,32.061,332768
2009-11-09,33.082,423495
2009-11-10,33.126,200066
2009-11-11,33.617,288415
2009-11-12,33.784,546744
2009-11-13,33.802,289650
2009-11-16,34.721,290248
2009-11-17,34.631,262612
2009-11-18,33.92,259320
2009-11-19,33.776,433150
2009-11-20,33.617,243693
2009-11-23,34.365,223464
2009-11-24,34.017,210296
2009-11-25,34.631,269053
2009-11-27,34.276,149954
2009-11-30,34.535,386413
2009-12-01,34.721,446927
2009-12-02,35.307,284711
2009-12-03,34.97,220732
2009-12-04,35.79,565163
2009-12-07,36.795,704255
2009-12-08,34.276,2273970
2009-12-09,33.697,413711
2009-12-10,33.227,645499
2009-12-11,34.309,235569
2009-12-14,34.57,229356
2009-12-15,34.462,226955
2009-12-16,34.596,200945
2009-12-17,34.552,203452
2009-12-18,35.246,563364
2009-12-21,35.781,195191
2009-12-22,34.88,287332
2009-12-23,34.808,204526
2009-12-24,34.994,39706
2009-12-28,34.693,138023
2009-12-29,34.177,114150
2009-12-30,33.528,580740
2009-12-31,33.651,419203
2010-01-04,32.469,643618
2010-01-05,32.529,610057
2010-01-06,31.54,717336
2010-01-07,32.041,361522
2010-01-08,33.284,492131
2010-01-11,33.18,327232
2010-01-12,32.955,237430
2010-01-13,33.697,300898
2010-01-14,33.433,372262
2010-01-15,32.753,358088
2010-01-19,32.646,246032
2010-01-20,31.686,476165
2010-01-21,31.381,429134
2010-01-22,31.169,413195
2010-01-25,30.081,698071
2010-01-26,31.669,1205578
2010-01-27,31.747,624463
2010-01-28,31.159,510260
2010-01-29,30.002,655923
2010-02-01,29.853,901823
2010-02-02,30.909,512110
2010-02-03,31.4,576763
2010-02-04,29.937,365185
2010-02-05,29.656,617172
2010-02-08,29.306,386869
2010-02-09,30.091,342168
2010-02-10,30.144,264254
2010-02-11,30.732,368132
2010-02-12,31.064,344373
2010-02-16,31.204,315350
2010-02-17,31.96,319509
2010-02-18,32.307,360090
2010-02-19,32.307,330834
2010-02-22,32.796,245990
2010-02-23,31.7,342159
2010-02-24,32.22,289078
2010-02-25,32.229,221384
2010-02-26,32.061,172981
2010-03-01,33.244,466054
2010-03-02,32.61,489668
2010-03-03,32.307,217915
2010-03-04,31.915,401843
2010-03-05,32.938,297681
2010-03-08,32.708,302710
2010-03-09,33.199,452028
2010-03-10,35.522,1085192
2010-03-11,34.73,441845
2010-03-12,35.22,330538
2010-03-15,35.476,194167
2010-03-16,35.619,134268
2010-03-17,35.8,245972
2010-03-18,35.593,134499
2010-03-19,35.53,411453
2010-03-22,36.278,282802
2010-03-23,36.634,327011
2010-03-24,36.823,527260
2010-03-25,36.658,660434
2010-03-26,36.253,297106
2010-03-29,36.278,259367
2010-03-30,36.518,354253
2010-03-31,35.69,342516
2010-04-01,36.609,542944
2010-04-05,37.543,254465
2010-04-06,37.615,176195
2010-04-07,37.551,226655
2010-04-08,37.551,257115
2010-04-09,38.379,224722
2010-04-12,38.158,199743
2010-04-13,39.207,343447
2010-04-14,39.822,576874
2010-04-15,40.106,244661
2010-04-16,39.216,254110
2010-04-19,39.054,184296
2010-04-20,38.85,372884
2010-04-21,38.977,499197
2010-04-22,40.508,506345
2010-04-23,42.732,602559
2010-04-26,42.306,215544
2010-04-27,40.96,198647
2010-04-28,40.696,224683
2010-04-29,41.3,355748
2010-04-30,40.63,403142
2010-05-03,41.888,690591
2010-05-04,40.713,534160
2010-05-05,40.017,311102
2010-05-06,38.426,565703
2010-05-07,36.865,469679
2010-05-10,38.299,493909
2010-05-11,39.377,239278
2010-05-12,40.79,213474
2010-05-13,40.544,222298
2010-05-14,39.545,199323
2010-05-17,39.183,229106
2010-05-18,38.388,231861
2010-05-19,38.14,240138
2010-05-20,35.29,472567
2010-05-21,35.69,445016
2010-05-24,35.69,189494
2010-05-25,35.645,360962
2010-05-26,36.34,487611
2010-05-27,37.757,179506
2010-05-28,37.043,153949
2010-06-01,36.055,222146
2010-06-02,36.499,282179
2010-06-03,36.92,188916
2010-06-04,35.281,256247
2010-06-07,34.25,307742
2010-06-08,34.009,523460
2010-06-09,32.061,1095785
2010-06-10,33.752,613795
2010-06-11,34.8,414009
2010-06-14,35.69,375641
2010-06-15,36.855,302708
2010-06-16,36.055,301519
2010-06-17,35.645,340236
2010-06-18,36.083,270092
2010-06-21,35.698,141171
2010-06-22,34.87,332303
2010-06-23,34.702,371933
2010-06-24,34.436,491406
2010-06-25,34.845,1120034
2010-06-28,34.0,212619
2010-06-29,32.332,461888
2010-06-30,31.076,471876
2010-07-01,31.224,390465
2010-07-02,30.633,218996
2010-07-06,30.161,448263
2010-07-07,31.169,297284
2010-07-08,32.119,464609
2010-07-09,32.567,158135
2010-07-12,32.182,392379
2010-07-13,33.386,231023
2010-07-14,32.974,170587
2010-07-15,33.18,275643
2010-07-16,31.054,488498
2010-07-19,31.018,248938
2010-07-20,31.709,167053
2010-07-21,31.266,322526
2010-07-22,32.593,347325
2010-07-23,34.836,710859
2010-07-26,35.763,594424
2010-07-27,35.415,374538
2010-07-28,34.374,245552
2010-07-29,33.866,216193
2010-07-30,33.725,255082
2010-08-02,34.25,573073
2010-08-03,33.423,295635
2010-08-04,33.99,305700
2010-08-05,33.348,278969
2010-08-06,32.683,332760
2010-08-09,33.519,349561
2010-08-10,32.885,322118
2010-08-11,31.018,566235
2010-08-12,30.349,969268
2010-08-13,30.144,326420
2010-08-16,30.545,530399
2010-08-17,31.514,320263
2010-08-18,31.755,275161
2010-08-19,30.766,386631
2010-08-20,31.0,253719
2010-08-23,30.261,266670
2010-08-24,29.299,706464
2010-08-25,29.683,373790
2010-08-26,29.565,371033
2010-08-27,30.624,352121
2010-08-30,29.733,275786
2010-08-31,29.406,257446
2010-09-01,30.758,322942
2010-09-02,31.827,303652
2010-09-03,32.416,390455
2010-09-07,31.275,216006
2010-09-08,31.356,223549
2010-09-09,31.56,255984
2010-09-10,31.925,204467
2010-09-13,32.796,200562
2010-09-14,32.718,150063
2010-09-15,32.637,253294
2010-09-16,32.256,200483
2010-09-17,32.441,265853
2010-09-20,33.608,352080
2010-09-21,33.117,233610
2010-09-22,32.256,542441
2010-09-23,31.514,805868
2010-09-24,33.057,726938
2010-09-27,33.199,447351
2010-09-28,33.67,355721
2010-09-29,33.473,351076
2010-09-30,33.405,334063
2010-10-01,34.436,2046327
2010-10-04,34.223,390121
2010-10-05,35.441,433521
2010-10-06,35.139,359258
2010-10-07,34.994,258119
2010-10-08,35.95,245244
2010-10-11,36.002,149657
2010-10-12,35.736,120598
2010-10-13,36.083,225858
2010-10-14,35.264,690043
2010-10-15,34.97,537689
2010-10-18,35.21,324615
2010-10-19,34.759,364411
2010-10-20,35.013,451027
2010-10-21,34.88,453304
2010-10-22,35.264,168366
2010-10-25,36.12,307720
2010-10-26,36.465,489817
2010-10-27,36.465,329094
2010-10-28,36.358,448075
2010-10-29,36.106,241206
2010-11-01,35.904,199685
2010-11-02,36.207,237521
2010-11-03,36.413,205224
2010-11-04,38.093,399986
2010-11-05,38.193,177963
2010-11-08,37.943,211593
2010-11-09,37.053,197310
2010-11-10,38.379,334634
2010-11-11,39.192,436223
2010-11-12,38.827,346580
2010-11-15,39.145,323724
2010-11-16,37.811,323971
2010-11-17,38.352,161351
2010-11-18,39.501,341037
2010-11-19,40.401,368433
2010-11-22,40.621,412843
2010-11-23,40.358,385133
2010-11-24,41.798,427569
2010-11-26,41.388,122654
2010-11-29,41.157,518788
2010-11-30,40.311,694640
2010-12-01,41.913,670802
2010-12-02,42.288,318238
2010-12-03,42.546,323126
2010-12-06,43.705,1246028
2010-12-07,45.136,1098419
2010-12-08,45.635,610928
2010-12-09,46.642,459329
2010-12-10,47.569,248732
2010-12-13,47.07,393740
2010-12-14,46.658,435036
2010-12-15,46.437,559598
2010-12-16,46.739,346824
2010-12-17,47.408,297615
2010-12-20,47.362,653038
2010-12-21,47.54,322284
2010-12-22,47.511,267988
2010-12-23,47.425,197275
2010-12-27,47.569,111765
2010-12-28,47.219,205089
2010-12-29,47.233,149214
2010-12-30,46.698,194887
2010-12-31,46.331,177777
2011-01-03,46.694,255701
2011-01-04,46.26,190363
2011-01-05,47.12,179115
2011-01-06,47.032,394921
2011-01-07,45.85,301224
2011-01-10,46.25,418808
2011-01-11,45.769,509046
2011-01-12,46.444,221097
2011-01-13,46.998,197405
2011-01-14,47.292,226811
2011-01-18,46.703,216304
2011-01-19,45.59,304137
2011-01-20,44.692,208371
2011-01-21,43.998,232198
2011-01-24,44.237,276284
2011-01-25,43.302,434221
2011-01-26,44.832,292090
2011-01-27,44.504,219517
2011-01-28,42.672,202390
2011-01-31,42.777,215046
2011-02-01,44.21,226685
2011-02-02,44.122,295460
2011-02-03,43.715,280132
2011-02-04,43.63,130946
2011-02-07,44.352,202456
2011-02-08,44.618,131819
2011-02-09,44.318,128476
2011-02-10,44.442,119822
2011-02-11,45.144,199508
2011-02-14,45.084,208220
2011-02-15,44.389,196472
2011-02-16,44.201,227184
2011-02-18,43.891,140927
2011-02-22,41.816,328553
2011-02-23,41.157,288495
2011-02-24,41.307,275783
2011-02-25,44.023,577717
2011-02-28,43.444,397154
2011-03-01,42.562,316485
2011-03-02,42.412,120480
2011-03-03,43.045,235947
2011-03-04,42.599,174944
2011-03-07,42.732,395351
2011-03-08,44.194,291208
2011-03-09,44.361,247513
2011-03-10,43.274,611282
2011-03-11,44.157,322529
2011-03-14,43.329,277188
2011-03-15,43.527,262151
2011-03-16,42.244,318292
2011-03-17,42.572,176047
2011-03-18,43.527,478745
2011-03-21,44.618,272536
2011-03-22,44.389,144400
2011-03-23,43.927,186580
2011-03-24,44.167,112324
2011-03-25,44.352,261699
2011-03-28,42.937,237862
2011-03-29,43.554,99322
2011-03-30,43.961,118151
2011-03-31,43.407,214112
2011-04-01,43.214,151235
2011-04-04,42.902,192135
2011-04-05,42.457,225399
2011-04-06,43.46,403548
2011-04-07,43.988,291846
2011-04-08,43.508,182406
2011-04-11,43.792,186505
2011-04-12,44.194,359341
2011-04-13,44.14,426912
2011-04-14,42.955,258320
2011-04-15,43.579,194541
2011-04-18,42.84,227938
2011-04-19,42.476,184090
2011-04-20,42.937,140586
2011-04-21,43.08,156617
2011-04-25,42.626,142767
2011-04-26,42.813,208496
2011-04-27,43.321,208692
2011-04-28,43.544,128476
2011-04-29,43.611,137242
2011-05-02,43.274,184749
2011-05-03,42.698,112856
2011-05-04,41.913,125615
2011-05-05,42.332,141430
2011-05-06,41.949,190831
2011-05-09,41.994,76347
2011-05-10,44.274,300246
2011-05-11,42.795,131139
2011-05-12,42.19,257055
2011-05-13,41.157,235219
2011-05-16,39.84,223408
2011-05-17,40.106,335476
2011-05-18,40.935,203176
2011-05-19,41.139,144577
2011-05-20,40.479,137276
2011-05-23,40.883,285955
2011-05-24,41.147,262965
2011-05-25,41.879,143774
2011-05-26,42.963,248690
2011-05-27,42.485,167252
2011-05-31,43.314,753266
2011-06-01,41.397,311177
2011-06-02,41.3,138140
2011-06-03,40.391,220601
2011-06-06,39.501,310407
2011-06-07,38.899,408101
2011-06-08,38.649,497662
2011-06-09,40.545,564630
2011-06-10,38.683,350533
2011-06-13,39.038,1196437
2011-06-14,40.223,322903
2011-06-15,39.831,430140
2011-06-16,39.677,235633
2011-06-17,39.462,347891
2011-06-20,39.945,152133
2011-06-21,40.597,234435
2011-06-22,39.88,192596
2011-06-23,39.908,203021
2011-06-24,39.348,705032
2011-06-27,39.642,150213
2011-06-28,40.427,237919
2011-06-29,41.017,251467
2011-06-30,41.284,207812
2011-07-01,41.839,383437
2011-07-05,41.757,187046
2011-07-06,41.553,234789
2011-07-07,42.045,276342
2011-07-08,41.651,89951
2011-07-11,40.051,225801
2011-07-12,40.123,174212
2011-07-13,40.373,104796
2011-07-14,39.793,289324
2011-07-15,40.222,182696
2011-07-18,39.3,109686
2011-07-19,40.705,405994
2011-07-20,40.409,301673
2011-07-21,40.98,484908
2011-07-22,41.249,127191
2011-07-25,41.089,154307
2011-07-26,41.133,234142
2011-07-27,40.373,339954
2011-07-28,40.639,293590
2011-07-29,40.867,290862
2011-08-01,40.419,515336
2011-08-02,38.592,296435
2011-08-03,39.435,614405
2011-08-04,37.65,742952
2011-08-05,36.844,798447
2011-08-08,33.666,915254
2011-08-09,35.756,573012
2011-08-10,33.629,383664
2011-08-11,35.666,321607
2011-08-12,36.087,222770
2011-08-15,36.853,148354
2011-08-16,35.87,189494
2011-08-17,35.059,283051
2011-08-18,32.021,543612
2011-08-19,31.05,502514
2011-08-22,31.145,202813
2011-08-23,33.477,375998
2011-08-24,33.889,307589
2011-08-25,32.433,232405
2011-08-26,33.334,734251
2011-08-29,35.88,380965
2011-08-30,35.898,211146
2011-08-31,36.11,314826
2011-09-01,34.898,257639
2011-09-02,32.949,264895
2011-09-06,32.573,333188
2011-09-07,34.224,171114
2011-09-08,32.994,148391
2011-09-09,31.78,235163
2011-09-12,31.763,216117
2011-09-13,32.21,228256
2011-09-14,33.192,196857
2011-09-15,34.22,329194
2011-09-16,33.91,283878
2011-09-19,34.164,409566
2011-09-20,35.416,992534
2011-09-21,35.578,631877
2011-09-22,32.826,701160
2011-09-23,33.327,464824
2011-09-26,35.568,434730
2011-09-27,35.674,588741
2011-09-28,35.514,557457
2011-09-29,36.294,738388
2011-09-30,33.756,736743
2011-10-03,31.885,570712
2011-10-04,34.556,945665
2011-10-05,34.813,379703
2011-10-06,35.568,375243
2011-10-07,35.172,406952
2011-10-10,36.429,300761
2011-10-11,36.259,262673
2011-10-12,36.447,340594
2011-10-13,36.412,166443
2011-10-14,36.788,331959
2011-10-17,36.725,353330
2011-10-18,37.182,436103
2011-10-19,37.237,307487
2011-10-20,37.297,282067
2011-10-21,39.063,367073
2011-10-24,40.793,385758
2011-10-25,38.732,330803
2011-10-26,39.846,197611
2011-10-27,42.75,437748
2011-10-28,41.675,365587
2011-10-31,39.956,244382
2011-11-01,38.151,375320
2011-11-02,39.709,274517
2011-11-03,40.886,275059
2011-11-04,40.122,112171
2011-11-07,39.818,109345
2011-11-08,40.41,143635
2011-11-09,37.317,246483
2011-11-10,38.535,250498
2011-11-11,39.702,211789
2011-11-14,38.797,179691
2011-11-15,39.784,186982
2011-11-16,38.608,159261
2011-11-17,37.925,186925
2011-11-18,38.222,144225
2011-11-21,36.932,186863
2011-11-22,37.192,314258
2011-11-23,35.785,221453
2011-11-25,35.578,156248
2011-11-28,38.402,334665
2011-11-29,37.88,247494
2011-11-30,39.902,652512
2011-12-01,40.553,353743
2011-12-02,40.925,207474
2011-12-05,40.05,558625
2011-12-06,40.744,263735
2011-12-07,40.699,296468
2011-12-08,40.096,532872
2011-12-09,41.426,314440
2011-12-12,39.996,278107
2011-12-13,38.448,311218
2011-12-14,38.026,225455
2011-12-15,38.511,436823
2011-12-16,38.276,518234
2011-12-19,37.709,526443
2011-12-20,39.583,652585
2011-12-21,39.358,279719
2011-12-22,39.367,348581
2011-12-23,40.591,296599
2011-12-27,39.996,290701
2011-12-28,38.492,455623
2011-12-29,38.395,368608
2011-12-30,38.113,279331
2012-01-03,35.967,2191961
2012-01-04,35.147,760112
2012-01-05,34.327,956292
2012-01-06,34.462,1055637
2012-01-09,35.209,979056
2012-01-10,36.263,937800
2012-01-11,35.667,387283
2012-01-12,36.38,523122
2012-01-13,36.342,415279
2012-01-17,36.063,393380
2012-01-18,37.37,537095
2012-01-19,39.429,1379528
2012-01-20,40.382,722457
2012-01-23,40.231,391683
2012-01-24,40.555,311188
2012-01-25,40.591,368763
2012-01-26,39.231,534392
2012-01-27,39.528,387549
2012-01-30,39.049,337490
2012-01-31,39.242,220116
2012-02-01,39.249,408075
2012-02-02,39.24,289607
2012-02-03,39.906,551305
2012-02-06,39.646,228410
2012-02-07,39.132,373950
2012-02-08,39.51,326562
2012-02-09,39.724,323057
2012-02-10,38.801,269649
2012-02-13,38.441,357758
2012-02-14,38.26,381168
2012-02-15,37.457,400820
2012-02-16,37.397,337426
2012-02-17,37.586,261532
2012-02-21,36.664,380631
2012-02-22,37.397,517034
2012-02-23,38.125,318370
2012-02-24,38.087,267325
2012-02-27,37.926,310438
2012-02-28,36.812,439434
2012-02-29,37.888,563119
2012-03-01,37.467,370714
2012-03-02,37.253,503924
2012-03-05,37.323,634038
2012-03-06,38.934,1590160
2012-03-07,40.198,494288
2012-03-08,40.155,619231
2012-03-09,40.769,444751
2012-03-12,40.622,511272
2012-03-13,42.007,706185
2012-03-14,41.555,374719
2012-03-15,41.094,725490
2012-03-16,40.784,507088
2012-03-19,40.966,455064
2012-03-20,40.442,198060
2012-03-21,40.64,334745
2012-03-22,40.372,284122
2012-03-23,40.298,241616
2012-03-26,41.256,438762
2012-03-27,40.534,371254
2012-03-28,40.217,355751
2012-03-29,39.9,265285
2012-03-30,39.078,492448
2012-04-02,39.259,373956
2012-04-03,38.999,251701
2012-04-04,38.583,248776
2012-04-05,38.292,299392
2012-04-09,38.256,324580
2012-04-10,37.842,442122
2012-04-11,37.623,458086
2012-04-12,37.931,312181
2012-04-13,37.434,332041
2012-04-16,37.227,136622
2012-04-17,37.824,185923
2012-04-18,37.083,503972
2012-04-19,36.475,250548
2012-04-20,36.911,257336
2012-04-23,36.26,379565
2012-04-24,36.56,261492
2012-04-25,36.911,299813
2012-04-26,37.117,456053
2012-04-27,37.325,315715
2012-04-30,36.847,235749
2012-05-01,37.117,273203
2012-05-02,40.198,1373559
2012-05-03,39.396,452594
2012-05-04,38.654,373422
2012-05-07,39.838,674880
2012-05-08,39.314,631923
2012-05-09,39.586,334284
2012-05-10,39.25,606289
2012-05-11,38.638,633836
2012-05-14,38.382,253339
2012-05-15,38.301,260402
2012-05-16,38.283,197768
2012-05-17,37.001,335561
2012-05-18,36.873,517217
2012-05-21,37.885,278760
2012-05-22,37.469,330015
2012-05-23,37.298,307307
2012-05-24,37.191,169936
2012-05-25,37.488,130546
2012-05-29,39.649,398559
2012-05-30,38.999,388799
2012-05-31,39.277,291003
2012-06-01,38.135,410598
2012-06-04,38.583,481991
2012-06-05,39.531,682033
2012-06-06,42.471,567197
2012-06-07,42.224,420961
2012-06-08,42.018,476745
2012-06-11,41.319,348633
2012-06-12,41.426,519083
2012-06-13,41.009,578941
2012-06-14,41.753,525103
2012-06-15,42.923,422947
2012-06-18,43.36,389320
2012-06-19,43.323,306188
2012-06-20,43.475,209059
2012-06-21,42.95,316288
2012-06-22,43.466,808572
2012-06-25,42.451,214337
2012-06-26,43.341,195354
2012-06-27,43.43,334688
2012-06-28,43.494,224970
2012-06-29,45.43,569273
2012-07-02,46.161,531591
2012-07-03,45.564,160207
2012-07-05,45.392,256250
2012-07-06,44.807,146888
2012-07-09,43.768,255129
2012-07-10,43.923,167303
2012-07-11,43.975,168981
2012-07-12,43.656,126045
2012-07-13,44.683,164504
2012-07-16,44.947,195904
2012-07-17,45.118,202012
2012-07-18,45.172,260663
2012-07-19,45.798,170521
2012-07-20,45.708,155707
2012-07-23,44.722,149716
2012-07-24,44.627,290305
2012-07-25,44.575,216521
2012-07-26,44.538,193032
2012-07-27,44.73,313055
2012-07-30,45.454,304992
2012-07-31,45.03,298054
2012-08-01,44.722,249888
2012-08-02,45.22,267518
2012-08-03,46.761,396577
2012-08-06,48.346,518117
2012-08-07,47.178,405522
2012-08-08,45.908,369365
2012-08-09,45.057,376821
2012-08-10,45.51,484182
2012-08-13,45.645,322086
2012-08-14,44.446,368834
2012-08-15,45.291,342640
2012-08-16,45.272,187609
2012-08-17,46.071,289670
2012-08-20,46.135,201239
2012-08-21,46.979,294742
2012-08-22,47.07,276486
2012-08-23,47.57,456126
2012-08-24,46.761,252384
2012-08-27,47.242,155426
2012-08-28,47.829,176085
2012-08-29,47.667,87746
2012-08-30,47.34,87864
2012-08-31,46.76,218876
2012-09-04,47.871,306444
2012-09-05,47.322,141173
2012-09-06,48.935,594769
2012-09-07,49.734,209756
2012-09-10,49.22,178357
2012-09-11,49.564,142089
2012-09-12,50.252,151934
2012-09-13,50.336,261816
2012-09-14,51.473,397167
2012-09-17,50.822,141553
2012-09-18,50.279,155372
2012-09-19,50.036,192243
2012-09-20,49.22,153125
2012-09-21,49.044,359388
2012-09-24,47.829,432331
2012-09-25,51.767,1837363
2012-09-26,51.874,585292
2012-09-27,52.575,546883
2012-09-28,52.293,248702
2012-10-01,52.537,321844
2012-10-02,51.865,220572
2012-10-03,51.884,216405
2012-10-04,52.0,187064
2012-10-05,52.146,160264
2012-10-08,52.465,268514
2012-10-09,52.364,287409
2012-10-10,52.31,177873
2012-10-11,52.764,207972
2012-10-12,53.221,208632
2012-10-15,52.494,174332
2012-10-16,52.593,163163
2012-10-17,53.53,120783
2012-10-18,53.33,95519
2012-10-19,52.813,279208
2012-10-22,52.666,93013
2012-10-23,52.182,177464
2012-10-24,52.22,87537
2012-10-25,52.374,72370
2012-10-26,51.664,151465
2012-10-31,51.674,148059
2012-11-01,51.93,247949
2012-11-02,50.789,262164
2012-11-05,51.691,197827
2012-11-06,52.72,231412
2012-11-07,50.354,172940
2012-11-08,49.151,191468
2012-11-09,48.87,334317
2012-11-12,47.881,217315
2012-11-13,48.388,127843
2012-11-14,47.441,242951
2012-11-15,47.522,153384
2012-11-16,51.291,686326
2012-11-19,49.862,390409
2012-11-20,49.808,219968
2012-11-21,50.3,84073
2012-11-23,51.017,55735
2012-11-26,50.436,287480
2012-11-27,50.574,100326
2012-11-28,50.964,159995
2012-11-29,51.419,92200
2012-11-30,51.255,279614
2012-12-03,50.816,449144
2012-12-04,46.804,1861464
2012-12-05,47.734,593960
2012-12-06,48.062,365958
2012-12-07,48.671,369129
2012-12-10,48.042,416900
2012-12-11,48.879,198199
2012-12-12,48.907,242763
2012-12-13,48.325,151652
2012-12-14,48.206,128119
2012-12-17,48.479,184496
2012-12-18,49.409,226485
2012-12-19,48.644,232328
2012-12-20,48.325,371659
2012-12-21,49.588,418333
2012-12-24,48.617,51015
2012-12-26,47.113,331163
2012-12-27,48.123,339133
2012-12-28,48.462,357635
2012-12-31,49.227,411905
2013-01-02,50.583,424754
2013-01-03,51.172,294235
2013-01-04,51.172,196873
2013-01-07,51.255,349337
2013-01-08,50.445,340353
2013-01-09,50.527,299025
2013-01-10,50.28,139759
2013-01-11,50.036,192490
2013-01-14,49.198,230868
2013-01-15,48.907,307612
2013-01-16,47.705,843085
2013-01-17,47.907,407954
2013-01-18,47.952,279421
2013-01-22,48.142,199820
2013-01-23,48.262,180097
2013-01-24,47.606,302753
2013-01-25,47.687,239181
2013-01-28,47.46,210150
2013-01-29,47.424,151649
2013-01-30,46.34,494598
2013-01-31,48.098,447712
2013-02-01,48.634,236198
2013-02-04,48.406,242245
2013-02-05,48.479,105793
2013-02-06,48.907,93186
2013-02-07,48.971,107943
2013-02-08,49.896,114186
2013-02-11,50.06,98022
2013-02-12,50.235,142517
2013-02-13,49.798,137237
2013-02-14,50.207,103527
2013-02-15,50.354,126221
2013-02-19,50.336,595965
2013-02-20,49.862,348693
2013-02-21,49.862,227114
2013-02-22,50.758,195907
2013-02-25,50.107,227126
2013-02-26,50.464,474273
2013-02-27,50.583,210665
2013-02-28,50.271,176046
2013-03-01,51.147,239603
2013-03-04,50.987,222093
2013-03-05,51.791,287827
2013-03-06,51.601,352850
2013-03-07,55.35,718451
2013-03-08,57.699,648366
2013-03-11,55.604,449765
2013-03-12,55.497,304200
2013-03-13,55.331,230096
2013-03-14,55.697,317035
2013-03-15,56.033,302865
2013-03-18,55.76,242218
2013-03-19,55.776,180385
2013-03-20,56.542,141975
2013-03-21,56.382,164596
2013-03-22,55.408,461470
2013-03-25,55.518,283536
2013-03-26,56.148,160987
2013-03-27,55.754,1232976
2013-03-28,56.906,240205
2013-04-01,57.143,325820
2013-04-02,58.42,523987
2013-04-03,56.934,367179
2013-04-04,56.349,217004
2013-04-05,55.847,196927
2013-04-08,55.399,259869
2013-04-09,55.874,451211
2013-04-10,56.065,370149
2013-04-11,56.157,345337
2013-04-12,56.176,305329
2013-04-15,53.444,229910
2013-04-16,54.194,303088
2013-04-17,55.159,488312
2013-04-18,54.02,211481
2013-04-19,54.505,171191
2013-04-22,54.597,194527
2013-04-23,54.986,165292
2013-04-24,54.76,139818
2013-04-25,55.188,224341
2013-04-26,54.858,139167
2013-04-29,54.868,80195
2013-04-30,55.061,216179
2013-05-01,54.375,258667
2013-05-02,55.159,140384
2013-05-03,56.138,145767
2013-05-06,56.486,173273
2013-05-07,56.65,228657
2013-05-08,57.546,215884
2013-05-09,57.763,159519
2013-05-10,58.42,117256
2013-05-13,58.459,120430
2013-05-14,59.306,105002
2013-05-15,59.006,153488
2013-05-16,58.65,70028
2013-05-17,60.65,265963
2013-05-20,60.283,176757
2013-05-21,60.265,132541
2013-05-22,59.601,242186
2013-05-23,59.653,159278
2013-05-24,59.864,82086
2013-05-28,61.097,103344
2013-05-29,59.344,100010
2013-05-30,57.426,261868
2013-05-31,58.485,312157
2013-06-03,58.52,225858
2013-06-04,58.148,139712
2013-06-05,57.5,242934
2013-06-06,56.759,447203
2013-06-07,58.338,368201
2013-06-10,58.468,206219
2013-06-11,58.312,293201
2013-06-12,58.103,143842
2013-06-13,58.512,188044
2013-06-14,58.009,141558
2013-06-17,57.78,169397
2013-06-18,58.667,102906
2013-06-19,58.064,86415
2013-06-20,56.422,134525
2013-06-21,56.158,1048015
2013-06-24,55.271,213013
2013-06-25,55.807,234903
2013-06-26,55.682,362770
2013-06-27,56.542,439375
2013-06-28,56.53,963386
2013-07-01,57.257,194533
2013-07-02,57.257,168196
2013-07-03,57.349,79147
2013-07-05,58.311,105862
2013-07-08,58.97,76944
2013-07-09,59.189,107958
2013-07-10,59.401,84090
2013-07-11,60.278,89620
2013-07-12,60.491,109819
2013-07-15,60.5,75211
2013-07-16,60.078,98672
2013-07-17,60.243,220508
2013-07-18,60.409,87579
2013-07-19,60.306,122163
2013-07-22,60.409,120377
2013-07-23,60.5,128342
2013-07-24,59.997,90476
2013-07-25,60.71,70619
2013-07-26,60.618,69127
2013-07-29,60.401,106134
2013-07-30,61.36,80053
2013-07-31,61.36,219103
2013-08-01,62.241,160229
2013-08-02,62.607,79373
2013-08-05,62.883,209460
2013-08-06,62.865,201430
2013-08-07,62.076,67115
2013-08-08,63.02,52232
2013-08-09,62.644,71472
2013-08-12,63.084,131579
2013-08-13,63.795,184734
2013-08-14,63.164,282651
2013-08-15,61.287,135942
2013-08-16,60.893,97931
2013-08-19,61.902,87706
2013-08-20,62.588,83231
2013-08-21,62.644,82727
2013-08-22,64.31,69086
2013-08-23,64.201,97727
2013-08-26,64.713,225365
2013-08-27,63.642,152658
2013-08-28,63.047,117430
2013-08-29,63.293,70764
2013-08-30,62.484,115373
2013-09-03,62.278,125910
2013-09-04,63.212,154531
2013-09-05,63.951,118266
2013-09-06,62.673,95107
2013-09-09,63.495,110707
2013-09-10,64.482,73302
2013-09-11,63.293,125908
2013-09-12,62.837,209507
2013-09-13,63.203,76055
2013-09-16,63.423,91470
2013-09-17,64.108,163810
2013-09-18,63.671,165736
2013-09-19,63.102,193735
2013-09-20,63.357,246609
2013-09-23,63.02,166182
2013-09-24,63.278,184409
2013-09-25,62.827,146856
2013-09-26,63.194,180270
2013-09-27,63.751,245504
2013-09-30,63.752,223022
2013-10-01,64.201,332965
2013-10-02,63.724,206108
2013-10-03,62.286,212287
2013-10-04,62.846,90385
2013-10-07,61.72,168046
2013-10-08,60.693,150652
2013-10-09,60.288,175693
2013-10-10,61.491,124105
2013-10-11,62.953,127504
2013-10-14,63.293,102211
2013-10-15,63.028,93617
2013-10-16,63.606,173116
2013-10-17,64.322,98426
2013-10-18,65.369,189024
2013-10-21,64.644,123395
2013-10-22,65.296,88993
2013-10-23,64.809,107292
2013-10-24,66.04,102064
2013-10-25,66.802,136438
2013-10-28,66.576,155858
2013-10-29,66.509,63105
2013-10-30,65.602,124607
2013-10-31,64.736,135489
2013-11-01,64.744,144642
2013-11-04,65.497,121910
2013-11-05,65.076,111852
2013-11-06,65.058,64221
2013-11-07,64.126,114024
2013-11-08,65.04,93615
2013-11-11,64.872,45043
2013-11-12,64.773,92226
2013-11-13,65.313,81006
2013-11-14,67.62,241781
2013-11-15,66.811,160971
2013-11-18,66.462,156644
2013-11-19,68.65,455158
2013-11-20,68.327,182540
2013-11-21,68.771,155514
2013-11-22,68.887,103212
2013-11-25,68.702,84109
2013-11-26,69.321,265009
2013-11-27,69.476,156754
2013-11-29,69.642,134865
2013-12-02,68.255,98750
2013-12-03,68.053,148190
2013-12-04,67.713,98793
2013-12-05,68.859,128677
2013-12-06,68.827,112390
2013-12-09,69.819,235303
2013-12-10,67.501,557749
2013-12-11,67.859,246545
2013-12-12,67.77,189009
2013-12-13,68.144,165357
2013-12-16,68.356,225501
2013-12-17,68.044,87226
2013-12-18,69.276,344171
2013-12-19,68.172,168444
2013-12-20,68.946,516014
2013-12-23,69.21,180310
2013-12-24,69.05,49949
2013-12-26,69.423,99776
2013-12-27,68.674,98890
2013-12-30,69.338,126646
2013-12-31,69.32,314931
2014-01-02,69.098,227925
2014-01-03,68.893,114551
2014-01-06,68.342,130108
2014-01-07,68.13,116243
2014-01-08,66.868,197295
2014-01-09,66.878,133705
2014-01-10,66.224,198686
2014-01-13,65.882,1437682
2014-01-14,66.499,262913
2014-01-15,67.348,315533
2014-01-16,67.607,136053
2014-01-17,66.462,149155
2014-01-21,66.926,158652
2014-01-22,66.962,189913
2014-01-23,66.169,267860
2014-01-24,64.969,174506
2014-01-27,63.7,174291
2014-01-28,64.178,491945
2014-01-29,63.221,321902
2014-01-30,63.424,346001
2014-01-31,62.796,244630
2014-02-03,62.853,419452
2014-02-04,63.964,322040
2014-02-05,62.74,275098
2014-02-06,62.834,185312
2014-02-07,63.983,328717
2014-02-10,63.433,282900
2014-02-11,63.532,349644
2014-02-12,63.69,173081
2014-02-13,64.786,244946
2014-02-14,65.552,167603
2014-02-18,65.504,163763
2014-02-19,65.118,184256
2014-02-20,65.284,116409
2014-02-21,65.007,207440
2014-02-24,66.471,205619
2014-02-25,66.344,193905
2014-02-26,65.467,821966
2014-02-27,65.145,202737
2014-02-28,64.795,233979
2014-03-03,63.644,325300
2014-03-04,64.306,815082
2014-03-05,65.425,226554
2014-03-06,65.756,194274
2014-03-07,65.643,159836
2014-03-10,65.201,206263
2014-03-11,65.57,275991
2014-03-12,65.687,179613
2014-03-13,63.808,926371
2014-03-14,64.217,645808
2014-03-17,64.843,343310
2014-03-18,65.872,356668
2014-03-19,65.901,281187
2014-03-20,66.77,222486
2014-03-21,66.878,355726
2014-03-24,66.307,263197
2014-03-25,66.251,302213
2014-03-26,65.376,379731
2014-03-27,63.993,284925
2014-03-28,64.269,281225
2014-03-31,64.612,169871
2014-04-01,64.97,213799
2014-04-02,64.908,128191
2014-04-03,64.528,151797
2014-04-04,63.027,188489
2014-04-07,62.258,324787
2014-04-08,62.394,205410
2014-04-09,62.434,96142
2014-04-10,60.745,203854
2014-04-11,60.161,136998
2014-04-14,60.725,128087
2014-04-15,60.438,258707
2014-04-16,60.624,207208
2014-04-17,60.829,182467
2014-04-21,60.419,116861
2014-04-22,61.45,140056
2014-04-23,60.763,177770
2014-04-24,62.58,259077
2014-04-25,62.471,196555
2014-04-28,63.534,356238
2014-04-29,64.193,186783
2014-04-30,64.174,232390
2014-05-01,63.959,236561
2014-05-02,63.091,334804
2014-05-05,62.424,180467
2014-05-06,62.561,271534
2014-05-07,62.238,183013
2014-05-08,62.414,188949
2014-05-09,62.968,202728
2014-05-12,63.684,174039
2014-05-13,62.831,158291
2014-05-14,61.218,207711
2014-05-15,61.06,144112
2014-05-16,61.441,98147
2014-05-19,62.125,143016
2014-05-20,61.523,220301
2014-05-21,64.426,522569
2014-05-22,64.674,617157
2014-05-23,65.019,179252
2014-05-27,64.888,165141
2014-05-28,64.536,146042
2014-05-29,64.573,109752
2014-05-30,64.602,164559
2014-06-02,65.613,293581
2014-06-03,65.852,174008
2014-06-04,65.991,116323
2014-06-05,66.744,178362
2014-06-06,70.653,798457
2014-06-09,70.934,277591
2014-06-10,71.378,158364
2014-06-11,70.441,180816
2014-06-12,69.717,170113
2014-06-13,70.024,132152
2014-06-16,69.457,135651
2014-06-17,69.608,175713
2014-06-18,70.264,134860
2014-06-19,71.025,190457
2014-06-20,70.429,237598
2014-06-23,71.174,201693
2014-06-24,71.574,178482
2014-06-25,71.874,199646
2014-06-26,71.528,115029
2014-06-27,71.865,265098
2014-06-30,71.938,174820
2014-07-01,72.898,180860
2014-07-02,72.917,171338
2014-07-03,73.428,58958
2014-07-07,73.208,207531
2014-07-08,72.46,173466
2014-07-09,72.815,112076
2014-07-10,72.283,105118
2014-07-11,72.992,94190
2014-07-14,73.438,130172
2014-07-15,73.271,231031
2014-07-16,72.805,125514
2014-07-17,71.574,157275
2014-07-18,72.321,186326
2014-07-21,72.311,95723
2014-07-22,73.169,119607
2014-07-23,72.665,90579
2014-07-24,71.874,257163
2014-07-25,70.856,115059
2014-07-28,71.202,125740
2014-07-29,70.924,80091
2014-07-30,71.583,104147
2014-07-31,70.373,186283
2014-08-01,69.905,117270
2014-08-04,69.832,125546
2014-08-05,69.395,105986
2014-08-06,69.69,103123
2014-08-07,69.188,74342
2014-08-08,70.364,68358
2014-08-11,70.697,79482
2014-08-12,71.092,68828
2014-08-13,70.596,121719
2014-08-14,70.977,70284
2014-08-15,71.602,146101
2014-08-18,72.189,139611
2014-08-19,72.443,53778
2014-08-20,71.547,81674
2014-08-21,71.1,77587
2014-08-22,71.062,58173
2014-08-25,71.639,96308
2014-08-26,72.851,102420
2014-08-27,73.141,184286
2014-08-28,73.428,142184
2014-08-29,74.093,114783
2014-09-02,73.356,180764
2014-09-03,74.055,139639
2014-09-04,74.156,85470
2014-09-05,73.924,60515
2014-09-08,72.256,255467
2014-09-09,71.669,131416
2014-09-10,71.556,128316
2014-09-11,79.926,1195743
2014-09-12,81.586,771671
2014-09-15,81.472,267185
2014-09-16,82.154,246747
2014-09-17,82.425,200119
2014-09-18,83.291,254558
2014-09-19,82.33,275310
2014-09-22,81.893,200215
2014-09-23,81.259,459048
2014-09-24,80.196,451307
2014-09-25,80.131,351417
2014-09-26,79.871,256380
2014-09-29,79.842,170667
2014-09-30,80.866,403193
2014-10-01,79.442,264876
2014-10-02,78.816,244545
2014-10-03,80.639,229834
2014-10-06,79.888,133091
2014-10-07,77.371,234293
2014-10-08,79.769,245512
2014-10-09,77.491,194150
2014-10-10,76.723,198425
2014-10-13,77.155,298024
2014-10-14,77.857,380201
2014-10-15,76.93,374160
2014-10-16,77.51,476455
2014-10-17,77.342,284172
2014-10-20,77.051,247450
2014-10-21,78.146,316560
2014-10-22,77.594,150544
2014-10-23,78.579,285642
2014-10-24,78.682,197156
2014-10-27,79.093,136357
2014-10-28,81.069,393352
2014-10-29,80.46,236348
2014-10-30,80.751,194228
2014-10-31,80.891,258355
2014-11-03,81.181,203288
2014-11-04,80.714,151911
2014-11-05,80.807,208057
2014-11-06,81.538,188949
2014-11-07,81.145,118777
2014-11-10,81.64,136452
2014-11-11,81.677,102353
2014-11-12,81.755,114952
2014-11-13,82.184,137349
2014-11-14,81.623,118881
2014-11-17,80.367,117012
2014-11-18,80.076,83382
2014-11-19,79.719,92686
2014-11-20,79.514,109558
2014-11-21,79.759,281721
2014-11-24,79.355,315567
2014-11-25,80.18,221745
2014-11-26,81.808,154094
2014-11-28,82.09,90180
2014-12-01,81.437,187594
2014-12-02,83.467,249262
2014-12-03,83.365,273067
2014-12-04,84.235,236623
2014-12-05,85.641,377899
2014-12-08,83.535,498688
2014-12-09,84.835,387379
2014-12-10,82.848,268447
2014-12-11,82.531,274294
2014-12-12,83.525,271013
2014-12-15,84.499,306032
2014-12-16,83.767,398832
2014-12-17,85.575,217207
2014-12-18,84.732,320912
2014-12-19,84.188,322192
2014-12-22,84.226,155907
2014-12-23,84.62,163503
2014-12-24,84.746,108614
2014-12-26,84.859,60425
2014-12-29,85.764,130477
2014-12-30,85.095,121423
2014-12-31,85.754,180119
2015-01-02,85.114,197149
2015-01-05,84.728,256929
2015-01-06,82.996,298486
2015-01-07,83.824,245260
2015-01-08,84.906,164736
2015-01-09,84.108,166193
2015-01-12,85.16,431922
2015-01-13,86.543,630546
2015-01-14,85.435,275712
2015-01-15,83.535,192244
2015-01-16,84.615,144026
2015-01-20,83.598,127566
2015-01-21,83.204,126369
2015-01-22,84.897,186669
2015-01-23,85.114,217178
2015-01-26,85.405,166599
2015-01-27,85.338,128995
2015-01-28,84.709,231786
2015-01-29,84.652,204277
2015-01-30,82.583,224352
2015-02-02,82.545,158417
2015-02-03,82.666,236496
2015-02-04,82.413,402164
2015-02-05,81.417,332787
2015-02-06,81.97,334176
2015-02-09,79.61,257142
2015-02-10,80.898,345721
2015-02-11,81.169,186908
2015-02-12,81.558,143634
2015-02-13,80.785,187480
2015-02-17,80.371,202867
2015-02-18,81.169,211811
2015-02-19,80.663,223024
2015-02-20,80.832,245795
2015-02-23,80.644,105809
2015-02-24,81.218,120456
2015-02-25,80.804,102047
2015-02-26,82.103,257507
2015-02-27,82.63,206807
2015-03-02,83.1,152390
2015-03-03,81.838,206058
2015-03-04,81.895,97449
2015-03-05,82.112,107865
2015-03-06,80.869,127524
2015-03-09,81.668,104462
2015-03-10,80.748,138683
2015-03-11,79.994,303507
2015-03-12,90.298,1085545
2015-03-13,91.134,565992
2015-03-16,94.573,632412
2015-03-17,94.592,472582
2015-03-18,93.902,429012
2015-03-19,93.159,320296
2015-03-20,93.112,414665
2015-03-23,93.695,297449
2015-03-24,94.403,237193
2015-03-25,93.714,258023
2015-03-26,93.112,247227
2015-03-27,94.515,345266
2015-03-30,95.122,288819
2015-03-31,97.935,452068
2015-04-01,97.0,378581
2015-04-02,98.821,329265
2015-04-06,99.0,210674
2015-04-07,100.06,250842
2015-04-08,101.96,285758
2015-04-09,101.0,294710
2015-04-10,100.47,155973
2015-04-13,99.445,208351
2015-04-14,99.087,301913
2015-04-15,99.52,263122
2015-04-16,98.821,160894
2015-04-17,97.602,230634
2015-04-20,98.672,259277
2015-04-21,98.99,170930
2015-04-22,99.157,153811
2015-04-23,99.73,166112
2015-04-24,98.544,230954
2015-04-27,96.443,223768
2015-04-28,96.345,260941
2015-04-29,93.984,261680
2015-04-30,93.947,407832
2015-05-01,94.534,160301
2015-05-04,93.758,169068
2015-05-05,94.893,296422
2015-05-06,94.779,300413
2015-05-07,95.539,114925
2015-05-08,95.931,281427
2015-05-11,95.834,114683
2015-05-12,95.892,109088
2015-05-13,96.162,192724
2015-05-14,97.886,338241
2015-05-15,97.828,472386
2015-05-18,99.425,419097
2015-05-19,99.425,210674
2015-05-20,99.137,150270
2015-05-21,99.91,189552
2015-05-22,99.96,187865
2015-05-26,98.502,157570
2015-05-27,99.9,107607
2015-05-28,99.067,193084
2015-05-29,98.237,165584
2015-06-01,99.027,135941
2015-06-02,99.82,392375
2015-06-03,99.92,164420
2015-06-04,99.415,105919
2015-06-05,100.68,208668
2015-06-08,100.68,421772
2015-06-09,97.75,374699
2015-06-10,99.435,174375
2015-06-11,100.26,159517
2015-06-12,100.28,159141
2015-06-15,100.18,230000
2015-06-16,99.75,122920
2015-06-17,99.99,167695
2015-06-18,101.88,223979
2015-06-19,102.59,387556
2015-06-22,103.79,270656
2015-06-23,104.09,253358
2015-06-24,103.41,267755
2015-06-25,103.83,173251
2015-06-26,104.1,388190
2015-06-29,102.6,344825
2015-06-30,104.0,285852
2015-07-01,105.51,298939
2015-07-02,104.03,147213
2015-07-06,104.86,226277
2015-07-07,104.63,204964
2015-07-08,104.03,167267
2015-07-09,103.55,226384
2015-07-10,104.55,235833
2015-07-13,105.63,170522
2015-07-14,106.01,152891
2015-07-15,105.22,173129
2015-07-16,106.16,192783
2015-07-17,104.5,131252
2015-07-20,104.7,103111
2015-07-21,103.87,127262
2015-07-22,104.81,136608
2015-07-23,104.67,167898
2015-07-24,103.17,157292
2015-07-27,102.21,166323
2015-07-28,102.31,237197
2015-07-29,102.08,154458
2015-07-30,102.78,183543
2015-07-31,104.47,135872
2015-08-03,103.3,116120
2015-08-04,103.84,92927
2015-08-05,104.67,143116
2015-08-06,104.12,163177
2015-08-07,104.16,112455
2015-08-10,104.85,108361
2015-08-11,105.26,135524
2015-08-12,102.74,195932
2015-08-13,103.04,78855
2015-08-14,103.96,125582
2015-08-17,105.57,103007
2015-08-18,104.8,90826
2015-08-19,104.86,122117
2015-08-20,104.08,188688
2015-08-21,103.25,369081
2015-08-24,100.1,282183
2015-08-25,99.69,336319
2015-08-26,101.96,290225
2015-08-27,102.65,231528
2015-08-28,103.54,181863
2015-08-31,102.77,160337
2015-09-01,99.52,384935
2015-09-02,101.26,210108
2015-09-03,101.3,178502
2015-09-04,100.81,94396
2015-09-08,102.64,161809
2015-09-09,101.87,142488
2015-09-10,102.14,89518
2015-09-11,103.16,176404
2015-09-14,102.46,143432
2015-09-15,101.56,281088
2015-09-16,102.58,220503
2015-09-17,102.52,289988
2015-09-18,100.95,240454
2015-09-21,102.98,344405
2015-09-22,100.73,206327
2015-09-23,100.92,180812
2015-09-24,100.43,187484
2015-09-25,102.31,386405
2015-09-28,98.148,660862
2015-09-29,96.443,591158
2015-09-30,99.7,680725
2015-10-01,99.266,540023
2015-10-02,99.65,272899
2015-10-05,100.83,198593
2015-10-06,99.336,198874
2015-10-07,99.86,287762
2015-10-08,101.97,238497
2015-10-09,103.25,195390
2015-10-12,104.79,190794
2015-10-13,104.49,243820
2015-10-14,103.43,197372
2015-10-15,104.41,316256
2015-10-16,104.33,238497
2015-10-19,104.65,180930
2015-10-20,104.95,127245
2015-10-21,104.6,275446
2015-10-22,105.69,159902
2015-10-23,107.11,154057
2015-10-26,109.05,206037
2015-10-27,108.39,310097
2015-10-28,110.7,196955
2015-10-29,110.31,164913
2015-10-30,109.39,137774
2015-11-02,110.46,116170
2015-11-03,109.94,132450
2015-11-04,111.12,188488
2015-11-05,111.22,107088
2015-11-06,111.28,94668
2015-11-09,109.7,104964
2015-11-10,111.38,246012
2015-11-11,110.81,143515
2015-11-12,109.4,181299
2015-11-13,110.1,239541
2015-11-16,110.09,220230
2015-11-17,110.42,188709
2015-11-18,110.41,215951
2015-11-19,110.4,183908
2015-11-20,112.1,252797
2015-11-23,113.69,137774
2015-11-24,113.2,227642
2015-11-25,115.55,159693
2015-11-27,115.86,101661
2015-11-30,115.54,305192
2015-12-01,114.18,440676
2015-12-02,118.37,476882
2015-12-03,117.58,617590
2015-12-04,116.88,415620
2015-12-07,120.31,581577
2015-12-08,122.86,387369
2015-12-09,122.02,367192
2015-12-10,123.06,295277
2015-12-11,122.31,361972
2015-12-14,121.64,379051
2015-12-15,124.28,380759
2015-12-16,127.39,349030
2015-12-17,122.65,331181
2015-12-18,119.66,727389
2015-12-21,119.82,497451
2015-12-22,119.97,345414
2015-12-23,124.21,559782
2015-12-24,123.24,76666
2015-12-28,123.4,121129
2015-12-29,125.47,242414
2015-12-30,125.41,175534
2015-12-31,123.25,159027
2016-01-04,119.55,365746
2016-01-05,121.26,281959
2016-01-06,121.28,283435
2016-01-07,117.48,239155
2016-01-08,116.11,239765
2016-01-11,118.9,402989
2016-01-12,117.25,357025
2016-01-13,112.75,298820
2016-01-14,117.25,656981
2016-01-15,114.51,344349
2016-01-19,117.43,437234
2016-01-20,116.79,352581
2016-01-21,118.72,357128
2016-01-22,119.94,295994
2016-01-25,118.6,175338
2016-01-26,120.0,246162
2016-01-27,116.5,210895
2016-01-28,115.53,201927
2016-01-29,120.35,306542
2016-02-01,119.9,203626
2016-02-02,117.42,174992
2016-02-03,115.32,224992
2016-02-04,115.41,232427
2016-02-05,112.45,282255
2016-02-08,112.65,368921
2016-02-09,112.07,244841
2016-02-10,113.54,198173
2016-02-11,112.84,243112
2016-02-12,115.78,223434
2016-02-16,119.34,226388
2016-02-17,120.55,307521
2016-02-18,120.03,209601
2016-02-19,122.99,223731
2016-02-22,122.0,227320
2016-02-23,121.92,205418
2016-02-24,122.92,227385
2016-02-25,124.56,163637
2016-02-26,122.06,216431
2016-02-29,122.67,437915
2016-03-01,125.04,228426
2016-03-02,124.27,219115
2016-03-03,123.71,337220
2016-03-04,125.07,367145
2016-03-07,125.71,285266
2016-03-08,126.54,360784
2016-03-09,127.98,557201
2016-03-10,122.86,1074209
2016-03-11,126.21,467962
2016-03-14,126.82,267869
2016-03-15,125.79,276376
2016-03-16,125.15,253291
2016-03-17,123.24,549315
2016-03-18,122.55,874241
2016-03-21,123.11,285994
2016-03-22,122.9,237580
2016-03-23,121.89,281686
2016-03-24,122.67,214171
2016-03-28,124.69,268072
2016-03-29,127.72,299542
2016-03-30,127.59,221891
2016-03-31,129.56,360068
2016-04-01,128.22,309960
2016-04-04,126.11,291956
2016-04-05,123.62,307833
2016-04-06,124.74,416703
2016-04-07,124.26,323178
2016-04-08,124.54,234779
2016-04-11,124.09,224482
2016-04-12,125.38,266855
2016-04-13,127.31,236527
2016-04-14,127.89,221408
2016-04-15,128.31,208239
2016-04-18,128.63,290458
2016-04-19,128.9,257638
2016-04-20,127.01,330661
2016-04-21,127.79,281431
2016-04-22,126.53,237977
2016-04-25,126.54,184364
2016-04-26,126.93,179892
2016-04-27,126.74,200606
2016-04-28,125.38,205805
2016-04-29,125.62,185365
2016-05-02,126.72,197893
2016-05-03,125.81,251392
2016-05-04,125.38,231714
2016-05-05,125.09,155750
2016-05-06,126.48,154843
2016-05-09,126.03,217337
2016-05-10,128.23,240578
2016-05-11,123.82,250419
2016-05-12,124.84,162797
2016-05-13,123.65,174171
2016-05-16,124.3,170979
2016-05-17,121.86,287614
2016-05-18,122.08,218646
2016-05-19,121.53,170503
2016-05-20,122.4,168073
2016-05-23,123.02,154891
2016-05-24,125.05,156758
2016-05-25,125.23,158968
2016-05-26,125.33,160113
2016-05-27,126.38,97340
2016-05-31,127.2,160324
2016-06-01,127.37,190793
2016-06-02,129.54,272192
2016-06-03,129.88,439263
2016-06-06,129.21,200119
2016-06-07,131.24,377363
2016-06-08,131.05,460293
2016-06-09,134.89,758960
2016-06-10,138.11,587554
2016-06-13,135.07,433173
2016-06-14,133.7,420831
2016-06-15,133.81,336904
2016-06-16,133.53,195467
2016-06-17,131.9,385610
2016-06-20,133.06,456499
2016-06-21,132.68,447094
2016-06-22,134.18,480880
2016-06-23,136.5,408262
2016-06-24,132.01,3287769
2016-06-27,130.31,541720
2016-06-28,130.94,439666
2016-06-29,132.34,275675
2016-06-30,134.73,562816
2016-07-01,135.21,271825
2016-07-05,134.82,298529
2016-07-06,135.19,539289
2016-07-07,136.07,251771
2016-07-08,136.67,214764
2016-07-11,139.04,365475
2016-07-12,141.14,420294
2016-07-13,140.15,378006
2016-07-14,139.95,287359
2016-07-15,140.3,271820
2016-07-18,139.94,268526
2016-07-19,140.29,245857
2016-07-20,140.65,347298
2016-07-21,139.91,144129
2016-07-22,140.87,338977
2016-07-25,140.66,596631
2016-07-26,139.19,276499
2016-07-27,138.18,298158
2016-07-28,139.74,364830
2016-07-29,139.44,240799
2016-08-01,139.57,176641
2016-08-02,139.87,310599
2016-08-03,138.99,237414
2016-08-04,140.24,250524
2016-08-05,140.33,176190
2016-08-08,151.53,2401760
2016-08-09,148.25,850325
2016-08-10,153.6,829308
2016-08-11,152.64,415870
2016-08-12,152.31,303650
2016-08-15,153.0,238889
2016-08-16,150.57,321795
2016-08-17,150.19,309921
2016-08-18,152.56,298121
2016-08-19,153.58,216713
2016-08-22,154.18,191685
2016-08-23,156.6,388830
2016-08-24,155.71,196125
2016-08-25,156.1,208095
2016-08-26,154.1,283876
2016-08-29,154.91,193593
2016-08-30,154.8,234510
2016-08-31,154.42,193602
2016-09-01,156.44,292888
2016-09-02,157.29,206139
2016-09-06,158.16,252138
2016-09-07,158.42,269380
2016-09-08,158.15,271690
2016-09-09,154.48,258800
2016-09-12,156.63,354497
2016-09-13,155.14,234135
2016-09-14,155.62,202639
2016-09-15,157.5,314009
2016-09-16,156.64,292061
2016-09-19,156.83,189967
2016-09-20,155.86,236641
2016-09-21,157.17,204564
2016-09-22,157.86,237480
2016-09-23,156.5,322230
2016-09-26,151.85,706711
2016-09-27,151.91,1033957
2016-09-28,152.81,356740
2016-09-29,153.03,284987
2016-09-30,152.91,396284
2016-10-03,152.88,245560
2016-10-04,152.66,299313
2016-10-05,152.97,401538
2016-10-06,152.42,288224
2016-10-07,152.64,252542
2016-10-10,151.68,262779
2016-10-11,150.95,307836
2016-10-12,150.48,197549
2016-10-13,150.23,266790
2016-10-14,150.3,605650
2016-10-17,150.08,719987
2016-10-18,152.12,415982
2016-10-19,151.54,200056
2016-10-20,154.35,414771
2016-10-21,154.85,319190
2016-10-24,155.81,383686
2016-10-25,153.1,244487
2016-10-26,152.96,279778
2016-10-27,152.08,206163
2016-10-28,153.49,284987
2016-10-31,156.21,314276
2016-11-01,154.43,281499
2016-11-02,153.26,254416
2016-11-03,153.44,235674
2016-11-04,152.57,352599
2016-11-07,155.66,388639
2016-11-08,156.27,293175
2016-11-09,151.93,485661
2016-11-10,151.31,513343
2016-11-11,153.03,559544
2016-11-14,152.2,419647
2016-11-15,152.79,322555
2016-11-16,154.16,406370
2016-11-17,154.59,379211
2016-11-18,152.66,342100
2016-11-21,157.57,552562
2016-11-22,160.69,274929
2016-11-23,161.28,208598
2016-11-25,162.65,83889
2016-11-28,160.55,286481
2016-11-29,158.73,553100
2016-11-30,155.19,356119
2016-12-01,152.45,385884
2016-12-02,154.73,435840
2016-12-05,157.47,237936
2016-12-06,158.58,427283
2016-12-07,159.43,439246
2016-12-08,157.66,545098
2016-12-09,164.59,878606
2016-12-12,162.64,762783
2016-12-13,160.07,604737
2016-12-14,160.29,422341
2016-12-15,157.16,523453
2016-12-16,158.37,590227
2016-12-19,158.36,411656
2016-12-20,157.72,764593
2016-12-21,157.86,527354
2016-12-22,159.94,533864
2016-12-23,159.98,295090
2016-12-27,160.49,401391
2016-12-28,159.35,615576
2016-12-29,159.6,384064
2016-12-30,158.83,362959
2017-01-03,158.51,457264
2017-01-04,159.77,486832
2017-01-05,161.12,545906
2017-01-06,161.94,521871
2017-01-09,159.24,673221
2017-01-10,162.12,368622
2017-01-11,161.3,304846
2017-01-12,159.02,417852
2017-01-13,162.5,514385
2017-01-17,159.08,407215
2017-01-18,160.21,255506
2017-01-19,160.19,309623
2017-01-20,163.48,422280
2017-01-23,164.33,352202
2017-01-24,166.47,524101
2017-01-25,166.2,334323
2017-01-26,167.1,439890
2017-01-27,167.93,228011
2017-01-30,167.88,291975
2017-01-31,168.91,267286
2017-02-01,169.09,297553
2017-02-02,169.9,339846
2017-02-03,171.52,300828
2017-02-06,171.58,528113
2017-02-07,174.97,648685
2017-02-08,173.46,383664
2017-02-09,175.7,268112
2017-02-10,175.18,445573
2017-02-13,174.64,318899
2017-02-14,175.28,319352
2017-02-15,176.05,295710
2017-02-16,177.11,209384
2017-02-17,177.24,154974
2017-02-21,179.87,339962
2017-02-22,178.81,263595
2017-02-23,177.37,177414
2017-02-24,179.85,267914
2017-02-27,179.95,236885
2017-02-28,178.39,361416
2017-03-01,180.72,382798
2017-03-02,179.65,185338
2017-03-03,181.34,242232
2017-03-06,180.24,365982
2017-03-07,179.4,321765
2017-03-08,179.01,395085
2017-03-09,177.67,419581
2017-03-10,185.98,1523987
2017-03-13,184.17,615946
2017-03-14,183.03,464008
2017-03-15,184.03,490155
2017-03-16,183.37,304284
2017-03-17,186.09,644190
2017-03-20,186.02,274246
2017-03-21,182.21,443731
2017-03-22,184.28,334292
2017-03-23,185.84,224860
2017-03-24,184.65,307258
2017-03-27,186.19,270212
2017-03-28,188.03,270244
2017-03-29,187.56,287797
2017-03-30,188.16,465952
2017-03-31,190.01,276106
2017-04-03,188.46,269264
2017-04-04,190.02,358105
2017-04-05,188.08,276668
2017-04-06,189.3,219461
2017-04-07,187.97,260282
2017-04-10,187.02,230412
2017-04-11,188.04,287378
2017-04-12,186.73,189948
2017-04-13,184.78,196049
2017-04-17,187.99,162591
2017-04-18,189.29,156312
2017-04-19,190.73,207974
2017-04-20,192.05,175228
2017-04-21,191.71,201220
2017-04-24,193.27,250855
2017-04-25,193.53,202754
2017-04-26,197.19,539364
2017-04-27,197.16,273297
2017-04-28,195.72,249326
2017-05-01,196.92,312982
2017-05-02,196.92,231872
2017-05-03,196.97,234208
2017-05-04,197.42,189830
2017-05-05,199.47,194450
2017-05-08,197.29,328103
2017-05-09,197.86,212767
2017-05-10,199.22,187225
2017-05-11,199.39,163532
2017-05-12,197.8,176546
2017-05-15,197.83,229246
2017-05-16,199.94,413096
2017-05-17,197.2,322882
2017-05-18,196.8,453540
2017-05-19,200.02,477969
2017-05-22,202.33,346172
2017-05-23,203.91,356634
2017-05-24,203.42,326894
2017-05-25,203.89,280261
2017-05-26,206.52,327484
2017-05-30,208.19,499026
2017-05-31,211.8,1790432
2017-06-01,212.56,398533
2017-06-02,213.25,461385
2017-06-05,210.08,542215
2017-06-06,211.02,442231
2017-06-07,212.85,836786
2017-06-08,208.78,1086877
2017-06-09,200.11,965041
2017-06-12,200.32,656387
2017-06-13,203.19,370839
2017-06-14,202.29,341646
2017-06-15,203.37,290570
2017-06-16,207.16,505299
2017-06-19,209.33,384497
2017-06-20,207.65,332494
2017-06-21,208.35,341749
2017-06-22,208.58,264353
2017-06-23,209.21,273976
2017-06-26,208.23,252369
2017-06-27,204.49,223159
2017-06-28,204.66,259619
2017-06-29,200.2,454247
2017-06-30,201.85,249240
2017-07-03,199.26,160403
2017-07-05,198.89,451974
2017-07-06,198.12,246767
2017-07-07,201.2,561882
2017-07-10,202.07,227010
2017-07-11,201.76,238444
2017-07-12,205.0,294594
2017-07-13,203.24,272281
2017-07-14,202.79,210133
2017-07-17,203.34,161197
2017-07-18,202.99,181759
2017-07-19,205.02,168525
2017-07-20,205.11,161410
2017-07-21,207.42,267261
2017-07-24,208.89,324509
2017-07-25,208.85,222675
2017-07-26,211.72,251689
2017-07-27,210.16,210964
2017-07-28,210.9,162461
2017-07-31,209.74,176242
2017-08-01,210.89,367546
2017-08-02,209.83,272537
2017-08-03,211.69,214979
2017-08-04,212.64,189788
2017-08-07,212.69,215810
2017-08-08,212.6,169439
2017-08-09,211.69,285660
2017-08-10,211.1,165533
2017-08-11,212.63,161908
2017-08-14,217.55,285830
2017-08-15,216.37,219829
2017-08-16,220.48,275337
2017-08-17,218.49,216765
2017-08-18,219.14,204299
2017-08-21,218.84,203542
2017-08-22,221.3,301999
2017-08-23,220.9,199769
2017-08-24,219.71,184238
2017-08-25,220.65,155241
2017-08-28,217.59,383850
2017-08-29,218.35,198974
2017-08-30,222.73,342954
2017-08-31,226.84,279313
2017-09-01,227.28,189730
2017-09-05,225.25,235135
2017-09-06,225.2,184261
2017-09-07,224.66,157341
2017-09-08,226.63,192466
2017-09-11,229.26,261273
2017-09-12,229.35,209751
2017-09-13,228.76,178796
2017-09-14,227.41,188203
2017-09-15,225.94,308398
2017-09-18,227.17,196342
2017-09-19,228.91,263912
2017-09-20,227.87,164903
2017-09-21,228.65,245164
2017-09-22,231.15,214280
2017-09-25,228.01,229507
2017-09-26,223.9,512923
2017-09-27,226.93,531444
2017-09-28,220.71,1033828
2017-09-29,227.01,550140
2017-10-02,220.87,367003
2017-10-03,220.54,306557
2017-10-04,219.43,315916
2017-10-05,215.44,430744
2017-10-06,217.65,568600
2017-10-09,216.56,204858
2017-10-10,215.8,280573
2017-10-11,216.35,205119
2017-10-12,216.97,249741
2017-10-13,217.44,181977
2017-10-16,216.42,401404
2017-10-17,218.99,272697
2017-10-18,221.8,330507
2017-10-19,222.5,467127
2017-10-20,228.51,532801
2017-10-23,229.24,317982
2017-10-24,226.77,341827
2017-10-25,225.67,254066
2017-10-26,225.71,194711
2017-10-27,227.32,185991
2017-10-30,226.37,170878
2017-10-31,229.02,224773
2017-11-01,230.47,182303
2017-11-02,231.8,232339
2017-11-03,235.62,238593
2017-11-06,236.71,302062
2017-11-07,235.74,183682
2017-11-08,234.89,214557
2017-11-09,232.58,176998
2017-11-10,232.04,192565
